Half,Clock,Play,Score,game_id,home_id,away_id,game_date
1,06:11,"2pt layup (off turnover;blocked) (under the basket) missed by Donovan Clingan(UConn), block Trey Kaufman-Renn(Purdue), rebound defensive Braden Smith(Purdue)",23 - 26,5254137,560851,561044,2024-04-09
1,06:23,Substitution Purdue: in Zach Edey,23 - 26,5254137,560851,561044,2024-04-09
1,06:23,Substitution Purdue: out Caleb Furst,23 - 26,5254137,560851,561044,2024-04-09
1,06:23,"Foul offensive (back court) Trey Kaufman-Renn(Purdue), turnover offensive Trey Kaufman-Renn(Purdue), foul on Stephon Castle(UConn)",23 - 26,5254137,560851,561044,2024-04-09
1,06:24,"2pt floating jump shot (in the paint) missed by Fletcher Loyer(Purdue), rebound defensive (team) UConn",23 - 26,5254137,560851,561044,2024-04-09
1,06:38,Free throw 1 of 1 (off turnover) made by Donovan Clingan(UConn),23 - 26,5254137,560851,561044,2024-04-09
1,06:38,Foul personal (shooting;1 free throw) (under the basket) Caleb Furst(Purdue),23 - 25,5254137,560851,561044,2024-04-09
1,06:38,"2pt layup (off turnover) (under the basket) made by Donovan Clingan(UConn), assist Tristen Newton(UConn)",23 - 25,5254137,560851,561044,2024-04-09
1,06:50,Substitution Purdue: in Caleb Furst,23 - 23,5254137,560851,561044,2024-04-09
1,06:50,Substitution Purdue: out Zach Edey,23 - 23,5254137,560851,561044,2024-04-09
1,06:50,Substitution UConn: in Alex Karaban,23 - 23,5254137,560851,561044,2024-04-09
1,06:50,Substitution UConn: out Jaylin Stewart,23 - 23,5254137,560851,561044,2024-04-09
1,06:50,Timeout commercial,23 - 23,5254137,560851,561044,2024-04-09
1,06:50,Turnover travel (in the paint) Zach Edey(Purdue),23 - 23,5254137,560851,561044,2024-04-09
1,07:12,2pt jump shot (inside right) made by Tristen Newton(UConn),23 - 23,5254137,560851,561044,2024-04-09
1,07:24,"2pt pull up jump shot (inside center) missed by Braden Smith(Purdue), rebound defensive Tristen Newton(UConn)",23 - 21,5254137,560851,561044,2024-04-09
1,07:34,"3pt jump shot (outside left wing) missed by Stephon Castle(UConn), rebound defensive Braden Smith(Purdue)",23 - 21,5254137,560851,561044,2024-04-09
1,08:07,"2pt hook shot (off turnover) (in the paint) made by Zach Edey(Purdue), assist Braden Smith(Purdue)",23 - 21,5254137,560851,561044,2024-04-09
1,08:16,"Turnover bad pass (inside right) Cam Spencer(UConn), steal Fletcher Loyer(Purdue)",21 - 21,5254137,560851,561044,2024-04-09
1,08:32,Substitution Purdue: in Camden Heide,21 - 21,5254137,560851,561044,2024-04-09
1,08:32,Substitution Purdue: out Lance Jones,21 - 21,5254137,560851,561044,2024-04-09
1,08:32,"Foul offensive (back court) Lance Jones(Purdue), turnover offensive Lance Jones(Purdue), foul on Stephon Castle(UConn), foul on Donovan Clingan(UConn)",21 - 21,5254137,560851,561044,2024-04-09
1,08:34,Substitution UConn: in Cam Spencer,21 - 21,5254137,560851,561044,2024-04-09
1,08:34,Substitution UConn: out Hassan Diarra,21 - 21,5254137,560851,561044,2024-04-09
1,08:34,"Foul personal (in the paint) Hassan Diarra(UConn), foul on Trey Kaufman-Renn(Purdue)",21 - 21,5254137,560851,561044,2024-04-09
1,08:45,"3pt jump shot (outside left) missed by Stephon Castle(UConn), rebound defensive Zach Edey(Purdue)",21 - 21,5254137,560851,561044,2024-04-09
1,09:13,2pt floating jump shot (inside left) made by Braden Smith(Purdue),21 - 21,5254137,560851,561044,2024-04-09
1,09:24,"2pt layup (in the paint) missed by Donovan Clingan(UConn), rebound defensive Zach Edey(Purdue)",19 - 21,5254137,560851,561044,2024-04-09
1,09:49,Free throw 2 of 2 made by Zach Edey(Purdue),19 - 21,5254137,560851,561044,2024-04-09
1,09:49,Substitution Purdue: in Lance Jones,18 - 21,5254137,560851,561044,2024-04-09
1,09:49,Substitution Purdue: in Trey Kaufman-Renn,18 - 21,5254137,560851,561044,2024-04-09
1,09:49,Substitution Purdue: out Myles Colvin,18 - 21,5254137,560851,561044,2024-04-09
1,09:49,Substitution Purdue: out Mason Gillis,18 - 21,5254137,560851,561044,2024-04-09
1,09:49,Substitution UConn: in Stephon Castle,18 - 21,5254137,560851,561044,2024-04-09
1,09:49,Substitution UConn: in Jaylin Stewart,18 - 21,5254137,560851,561044,2024-04-09
1,09:49,Substitution UConn: out Cam Spencer,18 - 21,5254137,560851,561044,2024-04-09
1,09:49,Substitution UConn: out Alex Karaban,18 - 21,5254137,560851,561044,2024-04-09
1,09:49,"Free throw 1 of 2 missed by Zach Edey(Purdue), rebound offensive dead ball Purdue",18 - 21,5254137,560851,561044,2024-04-09
1,09:49,Foul personal (shooting;2 free throws) (in the paint) Hassan Diarra(UConn),18 - 21,5254137,560851,561044,2024-04-09
1,10:10,"3pt jump shot (outside right wing) made by Hassan Diarra(UConn), assist Tristen Newton(UConn)",18 - 21,5254137,560851,561044,2024-04-09
1,10:18,"2pt layup (blocked) (in the paint) missed by Fletcher Loyer(Purdue), block Alex Karaban(UConn), rebound defensive Donovan Clingan(UConn)",18 - 18,5254137,560851,561044,2024-04-09
1,10:23,"2pt jump shot (inside right) missed by Hassan Diarra(UConn), rebound defensive Mason Gillis(Purdue)",23 - 23,5254137,560851,561044,2024-04-09
1,10:38,2pt pull up jump shot (inside right) missed by Braden Smith(Purdue),18 - 18,5254137,560851,561044,2024-04-09
1,10:47,"2pt pull up jump shot (inside right) missed by Tristen Newton(UConn), rebound defensive Myles Colvin(Purdue)",18 - 18,5254137,560851,561044,2024-04-09
1,11:09,2pt floating jump shot (2nd chance) (inside right) made by Braden Smith(Purdue),18 - 18,5254137,560851,561044,2024-04-09
1,11:15,Substitution UConn: in Donovan Clingan,16 - 18,5254137,560851,561044,2024-04-09
1,11:15,Substitution UConn: out Samson Johnson,16 - 18,5254137,560851,561044,2024-04-09
1,11:15,"Foul personal (inside right) Samson Johnson(UConn), foul on Zach Edey(Purdue)",16 - 18,5254137,560851,561044,2024-04-09
1,11:28,Substitution Purdue: in Fletcher Loyer,16 - 18,5254137,560851,561044,2024-04-09
1,11:28,Substitution Purdue: out Camden Heide,16 - 18,5254137,560851,561044,2024-04-09
1,11:28,Timeout commercial,16 - 18,5254137,560851,561044,2024-04-09
1,11:28,"Foul personal (in the paint) Samson Johnson(UConn), foul on Myles Colvin(Purdue), foul on Mason Gillis(Purdue)",16 - 18,5254137,560851,561044,2024-04-09
1,11:33,"3pt jump shot (outside left) missed by Myles Colvin(Purdue), rebound offensive Mason Gillis(Purdue)",16 - 18,5254137,560851,561044,2024-04-09
1,11:59,"2pt layup (under the basket) made by Hassan Diarra(UConn), assist Alex Karaban(UConn)",16 - 18,5254137,560851,561044,2024-04-09
1,12:19,Free throw 1 of 1 made by Zach Edey(Purdue),16 - 16,5254137,560851,561044,2024-04-09
1,12:19,Substitution Purdue: in Myles Colvin,15 - 16,5254137,560851,561044,2024-04-09
1,12:19,Substitution Purdue: out Lance Jones,15 - 16,5254137,560851,561044,2024-04-09
1,12:19,Substitution UConn: in Samson Johnson,15 - 16,5254137,560851,561044,2024-04-09
1,12:19,Substitution UConn: out Donovan Clingan,15 - 16,5254137,560851,561044,2024-04-09
1,12:19,Foul personal (shooting;1 free throw) (in the paint) Donovan Clingan(UConn),15 - 16,5254137,560851,561044,2024-04-09
1,12:19,2pt jump shot (in the paint) made by Zach Edey(Purdue),15 - 16,5254137,560851,561044,2024-04-09
1,12:46,2pt floating jump shot (in the paint) made by Hassan Diarra(UConn),13 - 16,5254137,560851,561044,2024-04-09
1,13:05,2pt hook shot (in the paint) made by Zach Edey(Purdue),13 - 14,5254137,560851,561044,2024-04-09
1,13:29,"3pt step back jump shot (2nd chance) (outside right) missed by Cam Spencer(UConn), rebound defensive Zach Edey(Purdue)",11 - 14,5254137,560851,561044,2024-04-09
1,13:33,"2pt driving layup (2nd chance;blocked) (under the basket) missed by Tristen Newton(UConn), block Zach Edey(Purdue), rebound offensive (team) UConn",11 - 14,5254137,560851,561044,2024-04-09
1,13:41,"2pt jump shot (blocked) (in the paint) missed by Cam Spencer(UConn), block Zach Edey(Purdue), rebound offensive Hassan Diarra(UConn)",11 - 14,5254137,560851,561044,2024-04-09
1,13:57,Substitution UConn: in Hassan Diarra,11 - 14,5254137,560851,561044,2024-04-09
1,13:57,Substitution UConn: out Stephon Castle,11 - 14,5254137,560851,561044,2024-04-09
1,13:57,"Foul personal (back court) Lance Jones(Purdue), foul on Stephon Castle(UConn)",11 - 14,5254137,560851,561044,2024-04-09
1,13:59,"2pt driving layup (in the paint) missed by Braden Smith(Purdue), rebound defensive Stephon Castle(UConn)",11 - 14,5254137,560851,561044,2024-04-09
1,14:23,"3pt jump shot (outside left wing) made by Tristen Newton(UConn), assist Stephon Castle(UConn)",11 - 14,5254137,560851,561044,2024-04-09
1,14:51,2pt alley oop (off turnover) (under the basket) made by Zach Edey(Purdue),11 - 11,5254137,560851,561044,2024-04-09
1,15:04,Substitution Purdue: in Mason Gillis,9 - 11,5254137,560851,561044,2024-04-09
1,15:04,Substitution Purdue: out Trey Kaufman-Renn,9 - 11,5254137,560851,561044,2024-04-09
1,15:04,Substitution Purdue: in Camden Heide,9 - 11,5254137,560851,561044,2024-04-09
1,15:04,Substitution Purdue: out Fletcher Loyer,9 - 11,5254137,560851,561044,2024-04-09
1,15:04,Timeout commercial,9 - 11,5254137,560851,561044,2024-04-09
1,15:04,Turnover travel (inside left wing) Stephon Castle(UConn),9 - 11,5254137,560851,561044,2024-04-09
1,15:10,"2pt layup (in the paint) missed by Stephon Castle(UConn), rebound offensive Alex Karaban(UConn)",9 - 11,5254137,560851,561044,2024-04-09
1,15:16,"2pt hook shot (in the paint) missed by Zach Edey(Purdue), rebound defensive Cam Spencer(UConn)",9 - 11,5254137,560851,561044,2024-04-09
1,15:36,2pt jump shot (inside right wing) made by Cam Spencer(UConn),9 - 11,5254137,560851,561044,2024-04-09
1,16:05,2pt hook shot (in the paint) made by Zach Edey(Purdue),9 - 9,5254137,560851,561044,2024-04-09
1,16:25,"2pt dunk (off turnover) (under the basket) made by Donovan Clingan(UConn), assist Cam Spencer(UConn)",7 - 9,5254137,560851,561044,2024-04-09
1,16:44,Turnover bad pass (back court) Trey Kaufman-Renn(Purdue),7 - 7,5254137,560851,561044,2024-04-09
1,16:48,"2pt pull up jump shot (in the paint) missed by Tristen Newton(UConn), rebound defensive Trey Kaufman-Renn(Purdue)",7 - 7,5254137,560851,561044,2024-04-09
1,17:02,"2pt hook shot (in the paint) made by Zach Edey(Purdue), assist Braden Smith(Purdue)",7 - 7,5254137,560851,561044,2024-04-09
1,17:22,2pt layup (in the paint) made by Cam Spencer(UConn),5 - 7,5254137,560851,561044,2024-04-09
1,17:37,"2pt layup (blocked) (in the paint) missed by Trey Kaufman-Renn(Purdue), block Donovan Clingan(UConn), rebound defensive Donovan Clingan(UConn)",5 - 5,5254137,560851,561044,2024-04-09
1,17:53,Free throw 2 of 2 made by Tristen Newton(UConn),5 - 5,5254137,560851,561044,2024-04-09
1,17:53,Free throw 1 of 2 made by Tristen Newton(UConn),5 - 4,5254137,560851,561044,2024-04-09
1,17:53,Foul personal (shooting;2 free throws) (in the paint) Fletcher Loyer(Purdue),5 - 3,5254137,560851,561044,2024-04-09
1,18:12,Free throw 1 of 1 made by Lance Jones(Purdue),5 - 3,5254137,560851,561044,2024-04-09
1,18:12,Foul personal (shooting;1 free throw) (in the paint) Tristen Newton(UConn),4 - 3,5254137,560851,561044,2024-04-09
1,18:12,2pt driving layup (in the paint) made by Lance Jones(Purdue),4 - 3,5254137,560851,561044,2024-04-09
1,18:40,"3pt jump shot (outside right) made by Cam Spencer(UConn), assist Stephon Castle(UConn)",2 - 3,5254137,560851,561044,2024-04-09
1,19:02,2pt turnaround jump shot (in the paint) made by Trey Kaufman-Renn(Purdue),2 - 0,5254137,560851,561044,2024-04-09
1,19:15,"3pt jump shot (outside left) missed by Alex Karaban(UConn), rebound defensive Braden Smith(Purdue)",0 - 0,5254137,560851,561044,2024-04-09
1,19:27,Jump ball held ball UConn,0 - 0,5254137,560851,561044,2024-04-09
1,19:31,"2pt hook shot (in the paint) missed by Zach Edey(Purdue), rebound defensive Stephon Castle(UConn)",0 - 0,5254137,560851,561044,2024-04-09
