loc_y,loc_x,team_id,shot_outcome,play_id,description,game_id,home_id,away_id,team_name
5.640000000000001,25,485,TRUE,111575715,'1st 02:02 : 2pt layup (2nd chance) (under the basket) made by Allen Betrand(NSU) 27-32',5251720,560972,560947,Norfolk St.
27.861599426269496,36.78999996185305,290,FALSE,111575745,'1st 01:44 : 3pt jump shot (outside left) missed by Bryce Harris(HOW),5251720,560972,560947,Howard
9.682002868652319,23.4950008392334,485,TRUE,111575772,'1st 01:34 : 2pt driving layup (in the paint) made by Jamarii Thomas(NSU) 27-34',5251720,560972,560947,Norfolk St.
28.453796844482426,10.675000190734849,485,FALSE,111576096,'1st 00:54.20 : 3pt jump shot (outside right) missed by Christian Ings(NSU),5251720,560972,560947,Norfolk St.
7.332000179290768,23.82999992370605,485,TRUE,111579556,'2nd 19:46 : 2pt layup (under the basket) made by Tyrel Bladen(NSU),5251720,560972,560947,Norfolk St.
18.038600502014145,24.8150005340576,485,FALSE,111579739,'2nd 19:11 : 2pt step back jump shot (off turnover) (in the paint) missed by Christian Ings(NSU),5251720,560972,560947,Norfolk St.
26.103796844482417,10.534999847412102,290,FALSE,111579879,'2nd 18:46 : 3pt jump shot (outside right) missed by Seth Towns(HOW),5251720,560972,560947,Howard
11.881600322723433,31.29500007629395,485,FALSE,111580061,'2nd 18:19 : 2pt turnaround jump shot (inside left) missed by Jamarii Thomas(NSU),5251720,560972,560947,Norfolk St.
21.413198852539097,4.760000228881843,290,TRUE,111580074,'2nd 18:07 : 3pt jump shot (outside right) made by Marcus Dockery(HOW),5251720,560972,560947,Howard
10.114402008056658,26.0300006866455,290,TRUE,111580407,'2nd 17:22 : 2pt driving layup (off turnover) (in the paint) made by Bryce Harris(HOW) 36-39',5251720,560972,560947,Howard
11.289400215148891,24.2549991607666,485,TRUE,111584909,'2nd 13:22 : 2pt driving layup (in the paint) made by Chris Fields Jr.(NSU) 45-50',5251720,560972,560947,Norfolk St.
20.821001434326178,31.10000038146975,290,FALSE,111585383,'2nd 12:52 : 2pt pull up jump shot (inside center) missed by Seth Towns(HOW),5251720,560972,560947,Howard
22.879596557617162,42.08499908447265,290,FALSE,111585385,'2nd 12:47 : 3pt jump shot (2nd chance) (outside left) missed by Jordan Hairston(HOW),5251720,560972,560947,Howard
29.327997131347672,15.88500022888185,290,FALSE,111585409,'2nd 12:28 : 3pt jump shot (2nd chance) (outside center) missed by Seth Towns(HOW),5251720,560972,560947,Howard
10.114402008056658,21.3799991607666,485,FALSE,111570207,'1st 19:11 : 2pt layup (in the paint) missed by Kuluel Mading(NSU),5251720,560972,560947,Norfolk St.
27.128400573730506,36.78999996185305,485,FALSE,111585526,'2nd 12:01 : 3pt jump shot (outside left) missed by Allen Betrand(NSU),5251720,560972,560947,Norfolk St.
17.01400035858152,47.0699999332428,290,FALSE,111570835,'1st 17:53 : 3pt jump shot (outside left) missed by Seth Towns(HOW),5251720,560972,560947,Howard
20.37920028686524,21.3799991607666,485,FALSE,111570856,'1st 17:42 : 2pt turnaround jump shot (inside center) missed by Kuluel Mading(NSU),5251720,560972,560947,Norfolk St.
11.289400215148891,28.89999961853025,290,FALSE,111570866,'1st 17:35 : 2pt layup (blocked) (in the paint) missed by Bryce Harris(HOW),5251720,560972,560947,Howard
9.089800071716313,25.6599998474121,290,FALSE,111570884,'1st 17:29 : 2pt layup (2nd chance;blocked) (under the basket) missed by Bryce Harris(HOW),5251720,560972,560947,Howard
9.240201721191426,26.875,485,TRUE,111570900,'1st 17:28 : 2pt layup (fast break) (under the basket) made by Christian Ings(NSU) 4-5',5251720,560972,560947,Norfolk St.
14.37259996414182,46.9300000667572,290,TRUE,111571098,'1st 17:00 : 3pt jump shot (outside left) made by Marcus Dockery(HOW),5251720,560972,560947,Howard
27.57020172119141,13.210000038146951,485,TRUE,111571152,'1st 16:42 : 3pt jump shot (outside right) made by Jamarii Thomas(NSU),5251720,560972,560947,Norfolk St.
24.787800788879395,8.0550003051758,290,TRUE,111571216,'1st 16:17 : 3pt jump shot (outside right) made by Isiah Warfield(HOW),5251720,560972,560947,Howard
9.381199569702149,26.5049991607666,290,TRUE,111576294,'1st 00:25.80 : 2pt dunk (off turnover) (under the basket) made by Bryce Harris(HOW) 31-37',5251720,560972,560947,Howard
7.914798278808576,24.0550003051758,485,TRUE,111576325,'1st 00:08.10 : 2pt layup (under the basket) made by Nyzaiah Chambers(NSU),5251720,560972,560947,Norfolk St.
21.704600143432625,5.9449996948242,290,FALSE,111576354,'1st 00:00.20 : 3pt jump shot (outside right) missed by Marcus Dockery(HOW),5251720,560972,560947,Howard
9.682002868652319,28.5650005340576,290,FALSE,111586602,'2nd 11:30 : 2pt driving layup (off turnover) (in the paint) missed by Isiah Warfield(HOW),5251720,560972,560947,Howard
20.37920028686524,23.63500022888185,485,FALSE,111571286,'1st 15:49 : 2pt floating jump shot (blocked) (inside center) missed by Jamarii Thomas(NSU),5251720,560972,560947,Norfolk St.
9.682002868652319,26.0300006866455,485,TRUE,111571293,'1st 15:44 : 2pt layup (2nd chance) (under the basket) made by Kuluel Mading(NSU) 10-11',5251720,560972,560947,Norfolk St.
8.507002868652322,26.0300006866455,485,TRUE,111571348,'1st 15:21 : 2pt layup (off turnover;fast break) (under the basket) made by Jaylani Darden(NSU),5251720,560972,560947,Norfolk St.
9.089800071716313,23.6900005340576,290,TRUE,111571436,'1st 14:58 : 2pt driving layup (under the basket) made by Bryce Harris(HOW) 12-13',5251720,560972,560947,Howard
14.955403442382845,26.0300006866455,485,FALSE,111571466,'1st 14:39 : 2pt pull up jump shot (in the paint) missed by Jamarii Thomas(NSU),5251720,560972,560947,Norfolk St.
11.439800071716265,26.22500038146975,290,TRUE,111571512,'1st 14:30 : 2pt layup (in the paint) made by Bryce Harris(HOW),5251720,560972,560947,Howard
8.21559799194334,48,485,FALSE,111571542,'1st 14:04 : 3pt jump shot (outside left) missed by Jaylani Darden(NSU),5251720,560972,560947,Norfolk St.
9.089800071716313,26.64999961853025,290,TRUE,111571621,'1st 13:47 : 2pt dunk (under the basket) made by Seth Towns(HOW) 16-13',5251720,560972,560947,Howard
22.437802581787082,6.875,485,TRUE,111571687,'1st 13:19 : 3pt jump shot (outside right) made by Jamarii Thomas(NSU),5251720,560972,560947,Norfolk St.
25.07920028686525,39.1850004196167,290,FALSE,111571740,'1st 13:00 : 3pt jump shot (outside left) missed by Jordan Hairston(HOW),5251720,560972,560947,Howard
8.798400573730504,27.01499938964845,485,TRUE,111572115,'1st 12:48 : 2pt driving layup (under the basket) made by Allen Betrand(NSU) 16-18',5251720,560972,560947,Norfolk St.
22.879596557617162,18.98500061035155,485,TRUE,111572307,'1st 11:53 : 2pt pull up jump shot (off turnover) (inside center) made by Jamarii Thomas(NSU) 16-20',5251720,560972,560947,Norfolk St.
23.020597991943333,43.20999908447265,485,FALSE,111572344,'1st 11:31 : 3pt jump shot (off turnover) (outside left) missed by Jamarii Thomas(NSU),5251720,560972,560947,Norfolk St.
9.682002868652319,24.76000022888185,485,TRUE,111572377,'1st 11:26 : 2pt driving layup (2nd chance;off turnover) (under the basket) made by Jaylani Darden(NSU) 16-22',5251720,560972,560947,Norfolk St.
18.480403442382837,22.64999961853025,485,FALSE,111572763,'1st 10:38 : 2pt pull up jump shot (off turnover) (in the paint) missed by Allen Betrand(NSU),5251720,560972,560947,Norfolk St.
9.240199928283687,24.8150005340576,290,TRUE,111572843,'1st 10:09 : 2pt layup (under the basket) made by Bryce Harris(HOW),5251720,560972,560947,Howard
9.973400573730501,23.4950008392334,485,FALSE,111573056,'1st 09:14 : 2pt jump shot (off turnover) (in the paint) missed by Christian Ings(NSU),5251720,560972,560947,Norfolk St.
27.419800071716264,38.0550003051758,290,TRUE,111573103,'1st 08:53 : 3pt jump shot (outside left) made by Marcus Dockery(HOW),5251720,560972,560947,Howard
13.780403442382834,24.76000022888185,485,TRUE,111573161,'1st 08:31 : 2pt floating jump shot (in the paint) made by Allen Betrand(NSU),5251720,560972,560947,Norfolk St.
17.59680114746091,33.7750015258789,485,FALSE,111573324,'1st 07:54 : 2pt pull up jump shot (off turnover) (inside left) missed by Jack Doumbia(NSU),5251720,560972,560947,Norfolk St.
17.155,22,290,FALSE,111573388,'1st 07:27 : 2pt floating jump shot (in the paint) missed by Jordan Hairston(HOW),5251720,560972,560947,Howard
32.70260086059566,22.5650005340576,485,FALSE,111587929,'2nd 10:08 : 3pt jump shot (off turnover) (outside center) missed by Jamarii Thomas(NSU),5251720,560972,560947,Norfolk St.
28.453796844482426,32.50500106811525,290,TRUE,111587978,'2nd 09:48 : 3pt jump shot (outside center) made by Jordan Hairston(HOW),5251720,560972,560947,Howard
15.688600502014145,24.8150005340576,485,FALSE,111588096,'2nd 09:23 : 2pt floating jump shot (in the paint) missed by Jamarii Thomas(NSU),5251720,560972,560947,Norfolk St.
28.3034005737305,36.5900001525879,290,TRUE,111582992,'2nd 16:12 : 3pt jump shot (off turnover) (outside left) made by Jordan Hairston(HOW),5251720,560972,560947,Howard
31.236199569702123,27.35000038146975,485,TRUE,111583998,'2nd 15:25 : 3pt jump shot (outside center) made by Allen Betrand(NSU),5251720,560972,560947,Norfolk St.
8.647999820709233,27.4950008392334,485,TRUE,111584272,'2nd 14:37 : 2pt dunk (off turnover) (under the basket) made by Nyzaiah Chambers(NSU),5251720,560972,560947,Norfolk St.
23.904200286865247,6.875,290,TRUE,111584373,'2nd 14:21 : 3pt jump shot (outside right) made by Isiah Warfield(HOW) 44-48',5251720,560972,560947,Howard
11.289400215148891,24.95999908447265,485,FALSE,111591229,'2nd 07:39 : 2pt jump shot (blocked) (in the paint) missed by Chris Fields Jr.(NSU),5251720,560972,560947,Norfolk St.
9.089800071716313,24.2549991607666,485,TRUE,111591596,'2nd 07:11 : 2pt driving layup (under the basket) made by Jack Doumbia(NSU),5251720,560972,560947,Norfolk St.
31.085799713134755,21.10000038146975,290,FALSE,111591735,'2nd 06:43 : 3pt step back jump shot (outside center) missed by Jordan Hairston(HOW),5251720,560972,560947,Howard
16.572199211120605,23.6900005340576,485,FALSE,111591765,'2nd 06:34 : 2pt floating jump shot (in the paint) missed by Jamarii Thomas(NSU),5251720,560972,560947,Norfolk St.
4.98200286865233,20.8150005340576,290,FALSE,111592563,'2nd 05:54 : 2pt layup (blocked) (in the paint) missed by Bryce Harris(HOW),5251720,560972,560947,Howard
9.973399677276568,23.9699993133545,290,FALSE,111574003,'1st 07:05 : 2pt driving layup (in the paint) missed by Bryce Harris(HOW),5251720,560972,560947,Howard
11.580799713134747,25.10000038146975,290,FALSE,111574015,'1st 06:55 : 2pt dunk (2nd chance) (in the paint) missed by Elijah Williams(HOW),5251720,560972,560947,Howard
7.623400573730507,26.0300006866455,485,TRUE,111574040,'1st 06:45 : 2pt dunk (under the basket) made by Tyrel Bladen(NSU),5251720,560972,560947,Norfolk St.
30.6534005737305,26.5049991607666,290,FALSE,111574122,'1st 06:18 : 3pt jump shot (outside center) missed by Jordan Hairston(HOW),5251720,560972,560947,Howard
9.089800071716313,23.6900005340576,290,TRUE,111574146,'1st 06:06 : 2pt layup (2nd chance) (under the basket) made by Elijah Williams(HOW),5251720,560972,560947,Howard
7.1815994262695,20.95999908447265,485,TRUE,111574199,'1st 05:44 : 2pt layup (in the paint) made by Chris Fields Jr.(NSU) 23-30',5251720,560972,560947,Norfolk St.
6.890201721191431,23.20999908447265,485,FALSE,111574271,'1st 05:22 : 2pt layup (off turnover) (under the basket) missed by Tyrese Jenkins(NSU),5251720,560972,560947,Norfolk St.
16.28079971313475,47.0699999332428,485,FALSE,111592717,'2nd 05:22 : 3pt jump shot (outside left) missed by Jaylani Darden(NSU),5251720,560972,560947,Norfolk St.
11.439800071716265,20.72999954223635,485,FALSE,111593521,'2nd 04:32 : 2pt layup (off turnover) (in the paint) missed by Jack Doumbia(NSU),5251720,560972,560947,Norfolk St.
22.437800788879393,21.29500007629395,290,FALSE,111574361,'1st 04:58 : 2pt jump shot (inside center) missed by Bryce Harris(HOW),5251720,560972,560947,Howard
20.37920028686524,30.39500045776365,485,FALSE,111574435,'1st 04:34 : 2pt step back jump shot (inside center) missed by Chris Fields Jr.(NSU),5251720,560972,560947,Norfolk St.
15.98,29.04000091552735,290,FALSE,111574452,'1st 04:23 : 2pt floating jump shot (in the paint) missed by Marcus Dockery(HOW),5251720,560972,560947,Howard
8.065199928283686,27.77499961853025,485,TRUE,111594933,'2nd 04:00 : 2pt driving layup (under the basket) made by Jack Doumbia(NSU) 61-61',5251720,560972,560947,Norfolk St.
8.065201721191428,23.0699996948242,290,TRUE,111595073,'2nd 03:36 : 2pt layup (under the basket) made by Elijah Williams(HOW),5251720,560972,560947,Howard
25.079200286865245,41.0999984741211,290,TRUE,111595631,'2nd 03:03 : 3pt jump shot (outside left) made by Marcus Dockery(HOW),5251720,560972,560947,Howard
30.6534005737305,24.5349998474121,485,FALSE,111595717,'2nd 02:49 : 3pt jump shot (outside center) missed by Jamarii Thomas(NSU) 66-62',5251720,560972,560947,Norfolk St.
9.089800071716313,39.32499980926515,290,TRUE,111574711,'1st 04:13 : 2pt jump shot (2nd chance) (inside left) made by Marcus Dockery(HOW),5251720,560972,560947,Howard
28.594798278808582,39.689998626709,485,FALSE,111575255,'1st 03:23 : 3pt jump shot (off turnover) (outside left) missed by Tyrese Jenkins(NSU),5251720,560972,560947,Norfolk St.
17.44639770507807,23.63500022888185,485,FALSE,111575501,'1st 02:44 : 2pt floating jump shot (off turnover) (in the paint) missed by Jamarii Thomas(NSU),5251720,560972,560947,Norfolk St.
30.061199569702122,31.86000061035155,290,FALSE,111575570,'1st 02:21 : 3pt jump shot (outside center) missed by Jordan Hairston(HOW),5251720,560972,560947,Howard
9.240199928283687,24.2549991607666,290,TRUE,111575576,'1st 02:17 : 2pt layup (2nd chance) (under the basket) made by Seth Towns(HOW) 27-30',5251720,560972,560947,Howard
21.413198852539097,7.295000076293952,290,TRUE,111589683,'2nd 08:38 : 3pt jump shot (outside right) made by Marcus Dockery(HOW) 53-52',5251720,560972,560947,Howard
19.505,30.3099994659424,485,TRUE,111589809,'2nd 08:17 : 2pt floating jump shot (in the paint) made by Allen Betrand(NSU) 53-54',5251720,560972,560947,Norfolk St.
7.332002868652324,26.0300006866455,290,TRUE,111589901,'2nd 08:01 : 2pt layup (under the basket) made by Isiah Warfield(HOW),5251720,560972,560947,Howard
5.282802581787095,41.7849998474121,518,FALSE,111576689,'1st 11:23 : 2pt pull up jump shot (off turnover) (inside left) missed by Roddy Gayle Jr.(OSU),5252651,560955,561008,Ohio St.
7.773796844482419,21.7849998474121,518,FALSE,111576713,'1st 11:16 : 2pt driving layup (2nd chance;off turnover) (under the basket) missed by Roddy Gayle Jr.(OSU),5252651,560955,561008,Ohio St.
8.647999820709233,26.66500091552735,301,FALSE,111576745,'1st 11:06 : 2pt driving layup (under the basket) missed by Ty Rodgers(ILL),5252651,560955,561008,Illinois
6.598796844482422,33.04999923706055,518,TRUE,111576790,'1st 10:46 : 2pt pull up jump shot (inside left) made by Roddy Gayle Jr.(OSU),5252651,560955,561008,Ohio St.
25.370599784851105,40.32999992370605,301,FALSE,111576804,'1st 10:26 : 3pt (outside left) missed by ILL 17-16',5252651,560955,561008,Illinois
25.370599784851105,40.32999992370605,301,TRUE,111576806,'1st 10:26 : 3pt jump shot (outside left) made by Terrence Shannon Jr.(ILL),5252651,560955,561008,Illinois
6.890199928283687,26.2450008392334,301,FALSE,111577072,'1st 09:14 : 2pt layup (off turnover) (under the basket) missed by Terrence Shannon Jr.(ILL),5252651,560955,561008,Illinois
7.181599874496465,27.6550006866455,301,FALSE,111576901,'1st 09:57 : 2pt layup (off turnover) (under the basket) missed by Ty Rodgers(ILL),5252651,560955,561008,Illinois
21.11239913940434,23.14500045776365,301,FALSE,111574440,'1st 19:49 : 2pt jump shot (inside center) missed by Terrence Shannon Jr.(ILL),5252651,560955,561008,Illinois
17.59680114746091,26.14999961853025,518,FALSE,111574526,'1st 19:22 : 2pt pull up jump shot (in the paint) missed by Roddy Gayle Jr.(OSU),5252651,560955,561008,Ohio St.
23.020597991943333,29.67000007629395,518,TRUE,111574714,'1st 18:40 : 2pt turnaround jump shot (off turnover) (inside center) made by Jamison Battle(OSU) 2-0',5252651,560955,561008,Ohio St.
7.332000179290768,25.95999908447265,301,TRUE,111575824,'1st 14:40 : 2pt layup (under the basket) made by Terrence Shannon Jr.(ILL),5252651,560955,561008,Illinois
8.647999820709233,26.2450008392334,301,TRUE,111574751,'1st 18:27 : 2pt dunk (under the basket) made by Terrence Shannon Jr.(ILL),5252651,560955,561008,Illinois
30.211599426269494,26.01000022888185,518,TRUE,111574795,'1st 18:18 : 3pt step back jump shot (outside center) made by Bruce Thornton(OSU) 5-2',5252651,560955,561008,Ohio St.
8.065199928283686,25.26000022888185,301,TRUE,111574807,'1st 18:03 : 2pt dunk (under the basket) made by Ty Rodgers(ILL),5252651,560955,561008,Illinois
6.749200286865246,24.04000091552735,518,TRUE,111574862,'1st 17:46 : 2pt driving layup (under the basket) made by Bruce Thornton(OSU) 7-4',5252651,560955,561008,Ohio St.
30.94479827880858,15.8199996948242,301,FALSE,111574947,'1st 17:21 : 3pt jump shot (outside center) missed by Terrence Shannon Jr.(ILL),5252651,560955,561008,Illinois
8.21559978485107,23.98999977111815,301,TRUE,111575099,'1st 16:21 : 2pt driving layup (off turnover) (under the basket) made by Coleman Hawkins(ILL) 7-6',5252651,560955,561008,Illinois
3.6660014343261764,26.7150001525879,518,TRUE,111575164,'1st 15:59 : 2pt hook shot (in the paint) made by Roddy Gayle Jr.(OSU) 9-6',5252651,560955,561008,Ohio St.
15.98,25.11499977111815,301,FALSE,111575180,'1st 15:50 : 2pt turnaround jump shot (blocked) (in the paint) missed by Ty Rodgers(ILL),5252651,560955,561008,Illinois
21.11239913940433,7.559999942779548,518,FALSE,111575938,'1st 14:02 : 3pt step back jump shot (outside right) missed by Jamison Battle(OSU),5252651,560955,561008,Ohio St.
6.598799982070919,25.54000091552735,301,TRUE,111575948,'1st 13:48 : 2pt layup (under the basket) made by Dain Dainja(ILL) 13-12',5252651,560955,561008,Illinois
10.55620315551758,22.77000045776365,518,TRUE,111576008,'1st 13:33 : 2pt pull up jump shot (in the paint) made by Jamison Battle(OSU),5252651,560955,561008,Ohio St.
8.065199928283686,25.11499977111815,301,TRUE,111576087,'1st 13:14 : 2pt driving layup (under the basket) made by Terrence Shannon Jr.(ILL) 15-14',5252651,560955,561008,Illinois
6.890201721191431,21.92499923706055,518,TRUE,111575239,'1st 15:41 : 2pt dunk (under the basket) made by Felix Okpara(OSU),5252651,560955,561008,Ohio St.
7.482400035858152,37.51000022888185,301,FALSE,111575276,'1st 15:24 : 2pt floating jump shot (inside left) missed by Marcus Domask(ILL),5252651,560955,561008,Illinois
10.706600322723432,18.35499954223635,301,TRUE,111575306,'1st 15:15 : 2pt hook shot (2nd chance) (inside right) made by Ty Rodgers(ILL) 11-8',5252651,560955,561008,Illinois
30.211599426269494,19.11000061035155,518,FALSE,111576127,'1st 12:57 : 3pt jump shot (outside center) missed by Zed Key(OSU),5252651,560955,561008,Ohio St.
8.507000179290769,25.11499977111815,301,TRUE,111576180,'1st 12:43 : 2pt driving layup (under the basket) made by Dain Dainja(ILL),5252651,560955,561008,Illinois
22.437800788879393,15.1150016784668,301,FALSE,111576267,'1st 12:06 : 2pt pull up jump shot (off turnover) (inside right) missed by Terrence Shannon Jr.(ILL) 15-16',5252651,560955,561008,Illinois
8.798399677276615,32.29999923706055,301,FALSE,111576367,'1st 11:51 : 2pt hook shot (2nd chance;off turnover) (inside left) missed by Dain Dainja(ILL),5252651,560955,561008,Illinois
29.920201721191418,27.27499961853025,518,FALSE,111576383,'1st 11:42 : 3pt jump shot (outside center) missed by Felix Okpara(OSU),5252651,560955,561008,Ohio St.
29.76980007171626,12.439998626709,301,FALSE,111581269,'1st 04:03 : 3pt jump shot (outside right) missed by Marcus Domask(ILL),5252651,560955,561008,Illinois
15.98,25.8199996948242,301,FALSE,111581271,'1st 03:58 : 2pt floating jump shot (2nd chance) (in the paint) missed by Terrence Shannon Jr.(ILL),5252651,560955,561008,Illinois
13.347997131347668,25.4449996948242,518,FALSE,111581462,'1st 03:36 : 2pt hook shot (in the paint) missed by Felix Okpara(OSU),5252651,560955,561008,Ohio St.
17.59679935455323,25.6800003051758,301,FALSE,111581561,'1st 03:25 : 2pt dunk (blocked) (in the paint) missed by Quincy Guerrier(ILL),5252651,560955,561008,Illinois
14.664000358581518,28.63999938964845,301,FALSE,111581765,'1st 03:05 : 2pt turnaround jump shot (2nd chance) (in the paint) missed by Marcus Domask(ILL),5252651,560955,561008,Illinois
6.890199928283687,25.39999961853025,301,TRUE,111581807,'1st 02:32 : 2pt dunk (off turnover;fast break) (under the basket) made by Terrence Shannon Jr.(ILL) 27-27',5252651,560955,561008,Illinois
16.28079971313475,24.5550003051758,301,FALSE,111582968,'1st 01:59 : 2pt turnaround jump shot (off turnover) (in the paint) missed by Marcus Domask(ILL),5252651,560955,561008,Illinois
29.47840057373051,24.3199996948242,518,FALSE,111583045,'1st 01:42 : 3pt pull up jump shot (outside center) missed by Dale Bonner(OSU),5252651,560955,561008,Ohio St.
8.798400573730504,25.02499961853025,518,FALSE,111583085,'1st 01:32 : 2pt layup (2nd chance) (under the basket) missed by Dale Bonner(OSU),5252651,560955,561008,Ohio St.
6.890199928283687,48.2150000333786,301,TRUE,111583087,'1st 01:26 : 3pt jump shot (fast break) (outside left) made by Luke Goode(ILL),5252651,560955,561008,Illinois
12.614798278808578,23.1900005340576,518,TRUE,111583158,'1st 01:04 : 2pt pull up jump shot (in the paint) made by Bruce Thornton(OSU) 29-30',5252651,560955,561008,Ohio St.
12.172999820709194,21.8799991607666,301,TRUE,111583273,'1st 00:46.00 : 2pt (in the paint) made by ILL 29-32',5252651,560955,561008,Illinois
12.172999820709194,21.8799991607666,301,FALSE,111583274,'1st 00:46.00 : 2pt driving layup (in the paint) missed by Marcus Domask(ILL),5252651,560955,561008,Illinois
12.022600860595674,23.1900005340576,518,FALSE,111583378,'1st 00:29.00 : 2pt hook shot (in the paint) missed by Zed Key(OSU),5252651,560955,561008,Ohio St.
15.397199211120606,36.66499996185305,301,FALSE,111583448,'1st 00:03.00 : 2pt turnaround jump shot (inside left) missed by Marcus Domask(ILL),5252651,560955,561008,Illinois
16.572199211120605,22.57999992370605,518,FALSE,111589027,'2nd 19:49 : 2pt layup (in the paint) missed by Jamison Battle(OSU),5252651,560955,561008,Ohio St.
12.02259996414182,10.4700012207031,518,TRUE,111589046,'2nd 19:42 : 2pt step back jump shot (2nd chance) (inside right) made by Jamison Battle(OSU) 31-31',5252651,560955,561008,Ohio St.
9.682002868652319,26.14999961853025,301,FALSE,111589185,'2nd 19:18 : 2pt driving layup (under the basket) missed by Terrence Shannon Jr.(ILL) 37-33',5252651,560955,561008,Illinois
15.688600502014145,26.52499961853025,518,TRUE,111589340,'2nd 19:04 : 2pt floating jump shot (off turnover) (in the paint) made by Roddy Gayle Jr.(OSU) 37-33',5252651,560955,561008,Ohio St.
9.089798278808573,1.784999966621399,301,FALSE,111589521,'2nd 18:47 : 3pt jump shot (outside right) missed by Terrence Shannon Jr.(ILL),5252651,560955,561008,Illinois
14.513599605560303,2.439998626709,518,TRUE,111589661,'2nd 18:38 : 3pt step back jump shot (outside right) made by Bruce Thornton(OSU),5252651,560955,561008,Ohio St.
4.248796844482428,24.60000038146975,301,FALSE,111589750,'2nd 18:25 : 2pt driving layup (under the basket) missed by Marcus Domask(ILL),5252651,560955,561008,Illinois
30.061199569702122,20.4699993133545,518,FALSE,111589879,'2nd 18:08 : 3pt pull up jump shot (outside center) missed by Bruce Thornton(OSU),5252651,560955,561008,Ohio St.
14.081203155517585,3.190000057220459,301,FALSE,111590005,'2nd 17:36 : 3pt jump shot (outside right) missed by Marcus Domask(ILL),5252651,560955,561008,Illinois
5.640000000000001,25,301,TRUE,111590015,'2nd 17:30 : 2pt layup (2nd chance) (under the basket) made by Ty Rodgers(ILL) 37-33',5252651,560955,561008,Illinois
6.749200286865246,25.72999954223635,301,TRUE,111595282,'2nd 11:51 : 2pt driving layup (under the basket) made by Marcus Domask(ILL) 52-46',5252651,560955,561008,Illinois
7.482400035858152,33.42499923706055,518,FALSE,111595399,'2nd 11:31 : 2pt turnaround jump shot (inside left) missed by Devin Royal(OSU),5252651,560955,561008,Ohio St.
5.64,25,518,TRUE,111595431,'2nd 11:26 : 2pt dunk (2nd chance) (under the basket) made by Zed Key(OSU) 54-46',5252651,560955,561008,Ohio St.
25.953400573730505,38.92000007629395,518,FALSE,111591133,'2nd 17:03 : 3pt jump shot (outside left) missed by Jamison Battle(OSU),5252651,560955,561008,Ohio St.
18.771801147460906,44.8849983215332,301,FALSE,111591301,'2nd 16:57 : 3pt jump shot (outside left) missed by Terrence Shannon Jr.(ILL),5252651,560955,561008,Illinois
13.780403442382834,46.7150001525879,301,TRUE,111591680,'2nd 16:32 : 3pt jump shot (outside left) made by Marcus Domask(ILL),5252651,560955,561008,Illinois
5.132399139404328,27.8400001525879,301,FALSE,111591881,'2nd 15:53 : 2pt layup (off turnover;blocked) (under the basket) missed by Marcus Domask(ILL),5252651,560955,561008,Illinois
7.623399677276614,23.70999908447265,518,FALSE,111591960,'2nd 15:47 : 2pt driving layup (under the basket) missed by Roddy Gayle Jr.(OSU),5252651,560955,561008,Ohio St.
5.64,25,518,FALSE,111591972,'2nd 15:42 : 2pt layup (2nd chance) (under the basket) missed by Jamison Battle(OSU),5252651,560955,561008,Ohio St.
28.745199928283736,38.64000034332275,301,FALSE,111577281,'1st 08:53 : 3pt pull up jump shot (off turnover) (outside left) missed by Terrence Shannon Jr.(ILL),5252651,560955,561008,Illinois
22.879596557617162,42.2050018310547,518,FALSE,111577286,'1st 08:38 : 3pt jump shot (off turnover) (outside left) missed by Bruce Thornton(OSU),5252651,560955,561008,Ohio St.
8.948800430297851,24.83499908447265,301,TRUE,111577546,'1st 08:16 : 2pt driving layup (off turnover;fast break) (under the basket) made by Terrence Shannon Jr.(ILL) 17-22',5252651,560955,561008,Illinois
16.863600502014144,24.27000045776365,518,TRUE,111593100,'2nd 15:17 : 2pt pull up jump shot (in the paint) made by Devin Royal(OSU),5252651,560955,561008,Ohio St.
20.971397705078076,33.33499908447265,518,FALSE,111577809,'1st 07:57 : 2pt turnaround jump shot (inside left) missed by Scotty Middleton(OSU),5252651,560955,561008,Ohio St.
23.462399139404337,41.0349998474121,301,FALSE,111577811,'1st 07:49 : 3pt jump shot (outside left) missed by Coleman Hawkins(ILL),5252651,560955,561008,Illinois
11.731203155517576,47.4199981689453,518,FALSE,111577823,'1st 07:42 : 3pt jump shot (outside left) missed by Roddy Gayle Jr.(OSU),5252651,560955,561008,Ohio St.
16.713198852539094,4.03999996185302,301,FALSE,111593157,'2nd 15:01 : 3pt jump shot (outside right) missed by Luke Goode(ILL),5252651,560955,561008,Illinois
13.780399856567374,29.0599994659424,518,TRUE,111593354,'2nd 14:35 : 2pt turnaround jump shot (off turnover) (in the paint) made by Devin Royal(OSU),5252651,560955,561008,Ohio St.
6.016001434326171,23.47500038146975,301,TRUE,111593425,'2nd 14:22 : 2pt driving layup (under the basket) made by Marcus Domask(ILL) 42-40',5252651,560955,561008,Illinois
7.482400035858152,25.39999961853025,518,TRUE,111593491,'2nd 14:07 : 2pt driving layup (under the basket) made by Bruce Thornton(OSU) 44-40',5252651,560955,561008,Ohio St.
19.946801147460917,27.13500022888185,518,FALSE,111579661,'1st 06:58 : 2pt pull up jump shot (in the paint) missed by Bruce Thornton(OSU),5252651,560955,561008,Ohio St.
12.313998565673828,25.4449996948242,518,TRUE,111579749,'1st 06:38 : 2pt turnaround jump shot (off turnover) (in the paint) made by Devin Royal(OSU),5252651,560955,561008,Ohio St.
18.77179935455323,13.2849998474121,301,FALSE,111579889,'1st 06:14 : 2pt pull up jump shot (inside right) missed by Justin Harmon(ILL),5252651,560955,561008,Illinois
4.690597991943335,24.88500022888185,518,TRUE,111579995,'1st 05:59 : 2pt dunk (off turnover;fast break) (under the basket) made by Roddy Gayle Jr.(OSU),5252651,560955,561008,Ohio St.
18.621399497985855,27.9349994659424,301,FALSE,111580080,'1st 05:44 : 2pt pull up jump shot (in the paint) missed by Terrence Shannon Jr.(ILL),5252651,560955,561008,Illinois
25.220201721191415,40.375,301,FALSE,111593783,'2nd 13:55 : 3pt jump shot (outside left) missed by Marcus Domask(ILL),5252651,560955,561008,Illinois
8.647999820709233,13.00500106811525,518,TRUE,111593923,'2nd 13:38 : 2pt floating jump shot (inside right) made by Scotty Middleton(OSU),5252651,560955,561008,Ohio St.
4.841001434326174,24.1800003051758,301,TRUE,111594011,'2nd 13:14 : 2pt layup (under the basket) made by Ty Rodgers(ILL) 47-42',5252651,560955,561008,Illinois
28.594800071716264,11.88000106811525,518,TRUE,111594079,'2nd 12:51 : 3pt jump shot (outside right) made by Scotty Middleton(OSU),5252651,560955,561008,Ohio St.
4.841001434326174,24.60000038146975,301,TRUE,111594177,'2nd 12:34 : 2pt layup (under the basket) made by Ty Rodgers(ILL),5252651,560955,561008,Illinois
4.549596557617164,25.72999954223635,518,FALSE,111580394,'1st 05:19 : 2pt layup (under the basket) missed by Evan Mahaffey(OSU),5252651,560955,561008,Ohio St.
5.282802581787095,24.1800003051758,518,TRUE,111580396,'1st 05:17 : 2pt layup (2nd chance) (under the basket) made by Zed Key(OSU) 24-25',5252651,560955,561008,Ohio St.
8.507002868652322,8.6850004196167,518,FALSE,111580795,'1st 04:45 : 2pt pull up jump shot (off turnover) (inside right) missed by Scotty Middleton(OSU),5252651,560955,561008,Ohio St.
6.157002868652327,24.3199996948242,518,TRUE,111581211,'1st 04:21 : 2pt alley oop (under the basket) made by Felix Okpara(OSU),5252651,560955,561008,Ohio St.
23.020599784851107,29.48500061035155,518,FALSE,111594264,'2nd 12:15 : 2pt pull up jump shot (inside center) missed by Devin Royal(OSU),5252651,560955,561008,Ohio St.
5.64,25,518,FALSE,111594286,'2nd 12:10 : 2pt layup (2nd chance) (under the basket) missed by Zed Key(OSU),5252651,560955,561008,Ohio St.
7.482400035858152,25.26000022888185,518,TRUE,111594315,'2nd 12:01 : 2pt driving layup (2nd chance) (under the basket) made by Bruce Thornton(OSU) 52-44',5252651,560955,561008,Ohio St.
6.016001434326171,24.3400001525879,562,TRUE,111580079,'1st 03:41 : 2pt driving layup (under the basket) made by Savion Lewis(QUI) 24-22',5252299,561047,561082,Quinnipiac
6.448400125503536,23.125,617,TRUE,111580226,'1st 03:18 : 2pt layup (under the basket) made by Michael Houge(SPU),5252299,561047,561082,Saint Peter's
17.59680114746091,25.88500022888185,562,TRUE,111581642,'1st 02:22 : 2pt hook shot (off turnover) (in the paint) made by Paul Otieno(QUI) 26-24',5252299,561047,561082,Quinnipiac
21.262800788879396,42.28000020980835,617,FALSE,111582725,'1st 01:26 : 3pt jump shot (outside left) missed by Corey Washington(SPU),5252299,561047,561082,Saint Peter's
5.574199838638304,27.35000038146975,562,TRUE,111593095,'2nd 13:09 : 2pt driving layup (under the basket) made by Savion Lewis(QUI) 40-40',5252299,561047,561082,Quinnipiac
6.157002868652327,10.8149995803833,617,TRUE,111593156,'2nd 12:50 : 2pt floating jump shot (inside right) made by Marcus Randolph(SPU) 42-40',5252299,561047,561082,Saint Peter's
6.598799982070919,23.54999923706055,562,TRUE,111588638,'2nd 19:14 : 2pt layup (under the basket) made by Amarri Tice(QUI),5252299,561047,561082,Quinnipiac
6.598796844482422,26.45000076293945,617,TRUE,111588746,'2nd 18:53 : 2pt layup (under the basket) made by Michael Houge(SPU),5252299,561047,561082,Saint Peter's
6.749199838638304,27.35000038146975,562,FALSE,111588894,'2nd 18:38 : 2pt driving layup (blocked) (under the basket) missed by Amarri Tice(QUI),5252299,561047,561082,Quinnipiac
30.061199569702122,26.22500038146975,562,FALSE,111588910,'2nd 18:23 : 3pt pull up jump shot (2nd chance) (outside center) missed by Matt Balanc(QUI),5252299,561047,561082,Quinnipiac
6.890199928283687,24.67499923706055,562,FALSE,111589133,'2nd 18:18 : 2pt layup (2nd chance) (under the basket) missed by Alexis Reyes(QUI),5252299,561047,561082,Quinnipiac
22.146397705078073,43.49499893188475,617,FALSE,111589274,'2nd 18:04 : 3pt pull up jump shot (off turnover) (outside left) missed by Corey Washington(SPU),5252299,561047,561082,Saint Peter's
31.677997131347666,25.60499954223635,617,FALSE,111591986,'2nd 15:18 : 3pt jump shot (outside center) missed by Brent Bland(SPU),5252299,561047,561082,Saint Peter's
5.4237999820709195,48.19500005245208,562,FALSE,111592173,'2nd 14:42 : 3pt jump shot (off turnover) (outside left wing) missed by Matt Balanc(QUI),5252299,561047,561082,Quinnipiac
8.507000179290769,10.02999877929685,562,TRUE,111592450,'2nd 13:55 : 2pt turnaround jump shot (off turnover) (inside right) made by Alexis Reyes(QUI),5252299,561047,561082,Quinnipiac
13.93079971313476,33.3499984741211,617,FALSE,111592567,'2nd 13:31 : 2pt pull up jump shot (inside left) missed by Armoni Zeigler(SPU),5252299,561047,561082,Saint Peter's
21.704596557617165,43.3499984741211,562,FALSE,111573854,'1st 19:45 : 3pt jump shot (outside left) missed by Amarri Tice(QUI),5252299,561047,561082,Quinnipiac
6.44840057373051,1.9450000524520803,562,FALSE,111573893,'1st 19:36 : 3pt jump shot (2nd chance) (outside right wing) missed by Matt Balanc(QUI),5252299,561047,561082,Quinnipiac
6.749200286865246,25.32500076293945,562,TRUE,111574096,'1st 19:03 : 2pt driving layup (under the basket) made by Amarri Tice(QUI) 1-2',5252299,561047,561082,Quinnipiac
25.370599784851105,24.5349998474121,617,FALSE,111574133,'1st 18:47 : 2pt pull up jump shot (inside center) missed by Latrell Reid(SPU),5252299,561047,561082,Saint Peter's
10.114400215148892,30.17000007629395,617,FALSE,111574414,'1st 18:22 : 2pt turnaround jump shot (2nd chance) (in the paint) missed by Michael Houge(SPU),5252299,561047,561082,Saint Peter's
28.3034005737305,16.450000762939453,562,FALSE,111574552,'1st 18:02 : 3pt jump shot (outside right) missed by Matt Balanc(QUI),5252299,561047,561082,Quinnipiac
14.37259996414182,24.39500045776365,617,TRUE,111574715,'1st 17:39 : 2pt floating jump shot (in the paint) made by Latrell Reid(SPU) 3-2',5252299,561047,561082,Saint Peter's
22.578796844482426,25.1849994659424,562,FALSE,111574759,'1st 17:26 : 2pt pull up jump shot (inside center) missed by Savion Lewis(QUI),5252299,561047,561082,Quinnipiac
29.76980007171626,23.6900005340576,617,FALSE,111574920,'1st 17:10 : 3pt jump shot (outside center) missed by Mouhamed Sow(SPU),5252299,561047,561082,Saint Peter's
7.181599874496465,26.9300003051758,617,FALSE,111575100,'1st 16:42 : 2pt layup (blocked) (under the basket) missed by Michael Houge(SPU),5252299,561047,561082,Saint Peter's
6.598799982070919,26.08499908447265,617,TRUE,111575181,'1st 16:31 : 2pt driving layup (2nd chance) (under the basket) made by Corey Washington(SPU) 5-4',5252299,561047,561082,Saint Peter's
4.841001434326174,27.1550006866455,562,FALSE,111575259,'1st 16:10 : 2pt driving layup (under the basket) missed by Matt Balanc(QUI),5252299,561047,561082,Quinnipiac
9.381199569702149,9.32500076293945,617,FALSE,111575324,'1st 15:39 : 2pt jump shot (off turnover) (inside right) missed by Michael Houge(SPU),5252299,561047,561082,Saint Peter's
14.081203155517585,33.069999694824205,562,TRUE,111575342,'1st 15:27 : 2pt pull up jump shot (inside left) made by Matt Balanc(QUI),5252299,561047,561082,Quinnipiac
14.955399856567373,20.875,617,FALSE,111575403,'1st 14:55 : 2pt hook shot (in the paint) missed by Mouhamed Sow(SPU),5252299,561047,561082,Saint Peter's
7.623400573730507,26.0300006866455,562,FALSE,111575437,'1st 14:46 : 2pt driving layup (blocked) (under the basket) missed by Amarri Tice(QUI),5252299,561047,561082,Quinnipiac
7.77380043029785,38.1949996948242,617,FALSE,111575814,'1st 14:28 : 2pt pull up jump shot (inside left) missed by Corey Washington(SPU),5252299,561047,561082,Saint Peter's
16.42180114746091,26.17000007629395,562,TRUE,111582803,'1st 01:04 : 2pt hook shot (in the paint) made by Paul Otieno(QUI),5252299,561047,561082,Quinnipiac
27.128400573730506,14.95999908447265,617,TRUE,111582975,'1st 00:39.00 : 3pt jump shot (outside right) made by Armoni Zeigler(SPU),5252299,561047,561082,Saint Peter's
10.847600860595662,24.89999961853025,562,TRUE,111583481,'1st 00:08.60 : 2pt floating jump shot (in the paint) made by Paul Otieno(QUI),5252299,561047,561082,Quinnipiac
28.15299713134766,35.74499893188475,617,TRUE,111588468,'2nd 19:43 : 3pt jump shot (outside left) made by Mouhamed Sow(SPU),5252299,561047,561082,Saint Peter's
10.847599964141821,26.08499908447265,617,TRUE,111578952,'1st 05:33 : 2pt hook shot (in the paint) made by Mouhamed Sow(SPU),5252299,561047,561082,Saint Peter's
28.303400573730507,11.7200012207031,617,TRUE,111579139,'1st 05:04 : 3pt jump shot (off turnover) (outside right) made by Mouhamed Sow(SPU),5252299,561047,561082,Saint Peter's
22.28739913940433,31.9449996948242,562,FALSE,111579287,'1st 04:49 : 2pt pull up jump shot (inside left) missed by Savion Lewis(QUI),5252299,561047,561082,Quinnipiac
24.054600143432626,40.3100004196167,617,TRUE,111579305,'1st 04:31 : 3pt jump shot (outside left) made by Roy Clarke(SPU) 22-20',5252299,561047,561082,Saint Peter's
30.6534005737305,25.8050003051758,617,FALSE,111576107,'1st 13:45 : 3pt pull up jump shot (outside center) missed by Brent Bland(SPU),5252299,561047,561082,Saint Peter's
13.19760086059567,24.3400001525879,562,FALSE,111576129,'1st 13:28 : 2pt driving layup (in the paint) missed by Amarri Tice(QUI),5252299,561047,561082,Quinnipiac
19.354600143432627,19.32500076293945,617,TRUE,111576156,'1st 13:14 : 2pt turnaround jump shot (in the paint) made by Corey Washington(SPU),5252299,561047,561082,Saint Peter's
9.822997131347677,35.04000091552735,562,FALSE,111576181,'1st 13:05 : 2pt floating jump shot (blocked) (inside left) missed by Doug Young(QUI),5252299,561047,561082,Quinnipiac
18.33,25.10000038146975,617,FALSE,111576226,'1st 12:42 : 2pt floating jump shot (in the paint) missed by Latrell Reid(SPU),5252299,561047,561082,Saint Peter's
7.623399677276614,48.19500005245208,617,TRUE,111576309,'1st 12:14 : 3pt turnaround jump shot (off turnover;fast break) (outside left) made by Corey Washington(SPU) 10-8',5252299,561047,561082,Saint Peter's
9.240199928283687,23.27000045776365,617,FALSE,111576678,'1st 11:33 : 2pt jump shot (under the basket) missed by Michael Houge(SPU),5252299,561047,561082,Saint Peter's
6.749199838638304,24.11499977111815,617,FALSE,111576848,'1st 11:02 : 2pt layup (under the basket) missed by Corey Washington(SPU),5252299,561047,561082,Saint Peter's
17.01399856567383,14.340000152587898,562,TRUE,111576886,'1st 10:44 : 2pt pull up jump shot (inside right) made by Savion Lewis(QUI) 10-12',5252299,561047,561082,Quinnipiac
9.531600322723431,37.4949998855591,617,FALSE,111576906,'1st 10:21 : 2pt jump shot (inside left) missed by Latrell Reid(SPU),5252299,561047,561082,Saint Peter's
5.282802581787095,26.3099994659424,562,TRUE,111576989,'1st 10:01 : 2pt driving layup (under the basket) made by Savion Lewis(QUI) 10-14',5252299,561047,561082,Quinnipiac
7.914800071716313,25.3799991607666,617,TRUE,111577018,'1st 09:34 : 2pt hook shot (under the basket) made by Mouhamed Sow(SPU),5252299,561047,561082,Saint Peter's
11.439798278808581,25.7450008392334,562,FALSE,111577074,'1st 09:05 : 2pt driving layup (in the paint) missed by Doug Young(QUI),5252299,561047,561082,Quinnipiac
24.34599964141848,7.91500091552735,617,FALSE,111577123,'1st 08:44 : 3pt jump shot (outside right) missed by Marcus Randolph(SPU),5252299,561047,561082,Saint Peter's
7.77380043029785,22.98500061035155,617,FALSE,111577223,'1st 08:19 : 2pt driving layup (off turnover) (under the basket) missed by Latrell Reid(SPU),5252299,561047,561082,Saint Peter's
24.787800788879395,40.0299997329712,617,FALSE,111577252,'1st 08:08 : 3pt jump shot (2nd chance;off turnover) (outside left) missed by Corey Washington(SPU),5252299,561047,561082,Saint Peter's
14.513602294921824,46.45000076293945,562,TRUE,111577261,'1st 07:58 : 3pt pull up jump shot (outside left) made by Rihards Vavers(QUI),5252299,561047,561082,Quinnipiac
17.88820064544677,19.88500022888185,617,FALSE,111577372,'1st 07:31 : 2pt floating jump shot (in the paint) missed by Latrell Reid(SPU),5252299,561047,561082,Saint Peter's
31.23620315551758,28.5650005340576,562,FALSE,111577423,'1st 07:23 : 3pt jump shot (outside center) missed by Rihards Vavers(QUI),5252299,561047,561082,Quinnipiac
9.240199928283687,21.7199993133545,617,FALSE,111577482,'1st 07:00 : 2pt floating jump shot (in the paint) missed by Marcus Randolph(SPU),5252299,561047,561082,Saint Peter's
8.948800430297851,24.67499923706055,617,FALSE,111577528,'1st 06:48 : 2pt driving layup (off turnover) (under the basket) missed by Latrell Reid(SPU),5252299,561047,561082,Saint Peter's
5.865597991943346,22.9300003051758,562,FALSE,111577675,'1st 06:15 : 2pt driving layup (under the basket) missed by Alexis Reyes(QUI),5252299,561047,561082,Quinnipiac
19.354596557617157,4.054999828338623,562,TRUE,111578750,'1st 06:02 : 3pt jump shot (fast break) (outside right) made by Alexis Reyes(QUI),5252299,561047,561082,Quinnipiac
21.845597991943336,8,617,TRUE,111589742,'2nd 17:32 : 3pt jump shot (outside right) made by Mouhamed Sow(SPU),5252299,561047,561082,Saint Peter's
12.464400215148892,21.29500007629395,562,FALSE,111589815,'2nd 17:10 : 2pt layup (blocked) (in the paint) missed by Doug Young(QUI),5252299,561047,561082,Quinnipiac
6.598796844482422,22.79000091552735,617,TRUE,111590045,'2nd 16:48 : 2pt layup (under the basket) made by Latrell Reid(SPU) 39-33',5252299,561047,561082,Saint Peter's
18.038600502014145,21.4349994659424,562,FALSE,111590360,'2nd 16:18 : 2pt jump shot (in the paint) missed by Alexis Reyes(QUI),5252299,561047,561082,Quinnipiac
7.181599874496465,22.42499923706055,562,TRUE,111590519,'2nd 16:14 : 2pt layup (2nd chance) (under the basket) made by Matt Balanc(QUI),5252299,561047,561082,Quinnipiac
7.332000179290768,27.20999908447265,562,FALSE,111594135,'2nd 12:35 : 2pt layup (under the basket) missed by Matt Balanc(QUI),5252299,561047,561082,Quinnipiac
6.44840057373051,23.0699996948242,617,TRUE,111594313,'2nd 12:10 : 2pt layup (under the basket) made by Michael Houge(SPU) 44-40',5252299,561047,561082,Saint Peter's
11.73119956970212,23.82999992370605,562,FALSE,111594393,'2nd 11:51 : 2pt hook shot (in the paint) missed by Savion Lewis(QUI),5252299,561047,561082,Quinnipiac
4.841000089645384,47.34999990463257,229,FALSE,111577757,'1st 19:43 : 3pt jump shot (outside left wing) missed by Alijah Martin(FAU),5252669,560901,560983,Fla. Atlantic
29.920201721191418,33.6349983215332,497,FALSE,111577820,'1st 19:25 : 3pt jump shot (outside center) missed by Jason Edwards(UNT),5252669,560901,560983,North Texas
17.155,46.36500000953674,229,TRUE,111578199,'1st 18:53 : 3pt step back jump shot (outside left) made by Jalen Gaffney(FAU),5252669,560901,560983,Fla. Atlantic
13.93079971313476,29.9699993133545,497,FALSE,111589910,'1st 03:38 : 2pt jump shot (blocked) (in the paint) missed by Rubin Jones(UNT),5252669,560901,560983,North Texas
14.222200107574446,25.10000038146975,229,FALSE,111579479,'1st 16:36 : 2pt hook shot (in the paint) missed by Vladislav Goldin(FAU),5252669,560901,560983,Fla. Atlantic
6.12879998207092,26.4650001525879,229,TRUE,111579523,'1st 16:33 : 2pt layup (2nd chance) (under the basket) made by Vladislav Goldin(FAU) 4-7',5252669,560901,560983,Fla. Atlantic
8.64799713134768,22.5049991607666,497,FALSE,111579564,'1st 16:09 : 2pt layup (under the basket) missed by CJ Noland(UNT),5252669,560901,560983,North Texas
8.798400573730504,24.0550003051758,497,FALSE,111579714,'1st 15:58 : 2pt driving layup (off turnover;fast break) (under the basket) missed by CJ Noland(UNT),5252669,560901,560983,North Texas
6.598799982070919,26.79000091552735,229,FALSE,111581267,'1st 15:40 : 2pt layup (blocked) (under the basket) missed by Vladislav Goldin(FAU),5252669,560901,560983,Fla. Atlantic
25.52099964141848,8.61999893188475,229,FALSE,111581546,'1st 15:26 : 3pt jump shot (2nd chance) (outside right) missed by Alijah Martin(FAU),5252669,560901,560983,Fla. Atlantic
6.598799982070919,47.34999990463257,229,FALSE,111581643,'1st 15:08 : 3pt jump shot (2nd chance) (outside left) missed by Brandon Weatherspoon(FAU),5252669,560901,560983,Fla. Atlantic
12.464400215148892,20.17000007629395,229,TRUE,111581867,'1st 14:24 : 2pt floating jump shot (off turnover) (in the paint) made by Alijah Martin(FAU) 6-12',5252669,560901,560983,Fla. Atlantic
21.262802581787085,27.4349994659424,497,FALSE,111582241,'1st 13:59 : 2pt turnaround jump shot (inside center) missed by Rubin Jones(UNT),5252669,560901,560983,North Texas
11.881600322723433,27.4950008392334,229,FALSE,111582372,'1st 13:39 : 2pt hook shot (in the paint) missed by Giancarlo Rosado(FAU),5252669,560901,560983,Fla. Atlantic
6.598799982070919,23.4099998474121,229,TRUE,111582374,'1st 13:36 : 2pt layup (2nd chance) (under the basket) made by Brenen Lorient(FAU) 4-12',5252669,560901,560983,Fla. Atlantic
11.881599426269489,47.2949981689453,497,FALSE,111582885,'1st 13:14 : 3pt jump shot (outside left) missed by Aaron Scott(UNT),5252669,560901,560983,North Texas
8.798399677276615,9.8849983215332,229,FALSE,111582978,'1st 12:53 : 2pt floating jump shot (inside right) missed by Nick Boyd(FAU),5252669,560901,560983,Fla. Atlantic
5.132399139404328,2.7899999618530202,497,FALSE,111583374,'1st 12:18 : 3pt jump shot (outside right wing) missed by Rubin Jones(UNT),5252669,560901,560983,North Texas
7.1063977050780665,26.39500045776365,497,TRUE,111583394,'1st 12:15 : 2pt layup (2nd chance) (under the basket) made by Robert Allen(UNT) 6-12',5252669,560901,560983,North Texas
25.52099964141848,12.8450012207031,229,FALSE,111583460,'1st 11:59 : 3pt jump shot (outside right) missed by Nick Boyd(FAU),5252669,560901,560983,Fla. Atlantic
6.890199928283687,21.86000061035155,229,FALSE,111585402,'1st 10:19 : 2pt driving layup (off turnover;fast break) (under the basket) missed by Brenen Lorient(FAU) 6-16',5252669,560901,560983,Fla. Atlantic
5.64,25,229,TRUE,111585455,'1st 10:16 : 2pt layup (2nd chance;off turnover;fast break) (under the basket) made by Nick Boyd(FAU) 6-16',5252669,560901,560983,Fla. Atlantic
16.130403442382843,16.0300006866455,497,TRUE,111585521,'1st 09:57 : 2pt jump shot (inside right) made by Jason Edwards(UNT) 8-16',5252669,560901,560983,North Texas
18.038600502014145,22.8449993133545,229,TRUE,111585562,'1st 09:39 : 2pt jump shot (in the paint) made by Vladislav Goldin(FAU),5252669,560901,560983,Fla. Atlantic
23.020597991943333,8.140000343322747,497,TRUE,111586364,'1st 08:27 : 3pt jump shot (outside right) made by CJ Noland(UNT),5252669,560901,560983,North Texas
8.948800430297851,27.91500091552735,229,TRUE,111586482,'1st 08:04 : 2pt layup (in the paint) made by Vladislav Goldin(FAU) 12-20',5252669,560901,560983,Fla. Atlantic
16.713198852539094,30.5349998474121,497,FALSE,111586706,'1st 07:42 : 2pt jump shot (in the paint) missed by CJ Noland(UNT),5252669,560901,560983,North Texas
18.17959655761716,27.01499938964845,497,TRUE,111586779,'1st 07:36 : 2pt floating jump shot (2nd chance) (in the paint) made by CJ Noland(UNT) 14-21',5252669,560901,560983,North Texas
6.598799982070919,22.8449993133545,229,TRUE,111586921,'1st 07:09 : 2pt layup (under the basket) made by Johnell Davis(FAU) 14-23',5252669,560901,560983,Fla. Atlantic
7.77380043029785,22.42499923706055,229,TRUE,111591167,'1st 03:00 : 2pt driving layup (off turnover) (under the basket) made by Nick Boyd(FAU) 23-27',5252669,560901,560983,Fla. Atlantic
10.847599964141821,23.27000045776365,229,TRUE,111591655,'1st 02:18 : 2pt driving layup (in the paint) made by Vladislav Goldin(FAU),5252669,560901,560983,Fla. Atlantic
13.047197418212917,27.86000061035155,497,FALSE,111591738,'1st 01:58 : 2pt hook shot (in the paint) missed by Robert Allen(UNT),5252669,560901,560983,North Texas
17.747199211120606,45.23999977111816,229,TRUE,111591812,'1st 01:51 : 3pt jump shot (fast break) (outside left) made by Alijah Martin(FAU) 29-32',5252669,560901,560983,Fla. Atlantic
13.639402008056663,17.7199993133545,497,TRUE,111588222,'1st 06:44 : 2pt jump shot (inside right) made by Jason Edwards(UNT) 16-23',5252669,560901,560983,North Texas
6.598799982070919,22.98500061035155,229,FALSE,111588232,'1st 06:27 : 2pt alley oop (under the basket) missed by Vladislav Goldin(FAU),5252669,560901,560983,Fla. Atlantic
8.798400573730504,22.08499908447265,497,TRUE,111588470,'1st 05:58 : 2pt driving layup (in the paint) made by CJ Noland(UNT),5252669,560901,560983,North Texas
24.48699928283687,40.875,229,FALSE,111588831,'1st 05:49 : 3pt jump shot (outside left) missed by Jalen Gaffney(FAU),5252669,560901,560983,Fla. Atlantic
13.488998565673825,40.67499923706055,497,FALSE,111588895,'1st 05:32 : 2pt step back jump shot (inside left) missed by Jason Edwards(UNT),5252669,560901,560983,North Texas
8.21559799194334,14.76000022888185,497,FALSE,111589045,'1st 05:22 : 2pt pull up jump shot (2nd chance) (inside right) missed by Jason Edwards(UNT),5252669,560901,560983,North Texas
18.17959655761716,44.1949996948242,497,TRUE,111591880,'1st 01:30 : 3pt jump shot (outside left) made by John Buggs III(UNT),5252669,560901,560983,North Texas
8.948800430297851,31.57500076293945,229,FALSE,111591987,'1st 01:12 : 2pt jump shot (blocked) (inside left) missed by Johnell Davis(FAU),5252669,560901,560983,Fla. Atlantic
26.25420028686524,40.67499923706055,497,FALSE,111593014,'1st 00:25.60 : 3pt jump shot (outside left) missed by Jason Edwards(UNT),5252669,560901,560983,North Texas
5.640000000000001,25,497,FALSE,111589132,'1st 05:19 : 2pt layup (2nd chance) (under the basket) missed by Robert Allen(UNT),5252669,560901,560983,North Texas
27.278800430297878,12.564998626709,229,FALSE,111589143,'1st 05:13 : 3pt jump shot (fast break) (outside right) missed by Johnell Davis(FAU),5252669,560901,560983,Fla. Atlantic
17.88819885253909,28.13999938964845,497,TRUE,111589203,'1st 05:00 : 2pt jump shot (in the paint) made by Rubin Jones(UNT) 21-23',5252669,560901,560983,North Texas
10.415199928283734,22.8449993133545,229,FALSE,111589307,'1st 04:42 : 2pt driving layup (in the paint) missed by Alijah Martin(FAU),5252669,560901,560983,Fla. Atlantic
6.157002868652327,25.4650001525879,497,TRUE,111589788,'1st 04:06 : 2pt dunk (off turnover) (under the basket) made by Robert Allen(UNT) 23-23',5252669,560901,560983,North Texas
7.332000179290768,27.0699996948242,229,TRUE,111589816,'1st 03:52 : 2pt layup (under the basket) made by Johnell Davis(FAU) 23-25',5252669,560901,560983,Fla. Atlantic
17.747199211120606,32,229,FALSE,111593466,'1st 00:01.10 : 2pt jump shot (inside left) missed by Nick Boyd(FAU),5252669,560901,560983,Fla. Atlantic
15.838998565673833,28.2800006866455,497,TRUE,111578304,'1st 18:21 : 2pt turnaround jump shot (in the paint) made by Aaron Scott(UNT) 2-3',5252669,560901,560983,North Texas
29.328000717163132,13.8300018310547,229,FALSE,111578412,'1st 18:03 : 3pt jump shot (outside right) missed by Brandon Weatherspoon(FAU),5252669,560901,560983,Fla. Atlantic
11.731203155517576,47.72000122070315,497,FALSE,111578443,'1st 17:46 : 3pt jump shot (outside left) missed by Rubin Jones(UNT),5252669,560901,560983,North Texas
11.289400215148891,20.3099994659424,229,TRUE,111578953,'1st 17:17 : 2pt layup (in the paint) made by Johnell Davis(FAU) 4-5',5252669,560901,560983,Fla. Atlantic
8.64799713134768,22.64999961853025,497,FALSE,111579041,'1st 16:54 : 2pt layup (under the basket) missed by CJ Noland(UNT),5252669,560901,560983,North Texas
12.313998565673828,26.72999954223635,497,FALSE,111579090,'1st 16:50 : 2pt hook shot (2nd chance) (in the paint) missed by Robert Allen(UNT) 4-5',5252669,560901,560983,North Texas
5.132399139404328,47.2949981689453,497,FALSE,111584590,'1st 11:34 : 3pt jump shot (outside left wing) missed by Jason Edwards(UNT),5252669,560901,560983,North Texas
30.502997131347662,22.64999961853025,497,FALSE,111584839,'1st 11:08 : 3pt step back jump shot (off turnover) (outside center) missed by Jason Edwards(UNT),5252669,560901,560983,North Texas
10.866397705078072,44.8849983215332,700,FALSE,111584554,'1st 12:07 : 2pt jump shot (inside left) missed by Kerwin Walton(Texas Tech),5251858,560945,561176,Texas Tech
15.387800788879394,33.0049991607666,288,TRUE,111584700,'1st 11:39 : 2pt jump shot (inside left) made by Damian Dunn(Houston) 5-19',5251858,560945,561176,Houston
35.353400573730504,25.8700008392334,700,TRUE,111585398,'1st 10:26 : 3pt jump shot (outside center) made by Pop Isaacs(Texas Tech),5251858,560945,561176,Texas Tech
29.168200645446774,9.48500061035155,288,FALSE,111580794,'1st 16:11 : 3pt jump shot (outside right) missed by Jamal Shead(Houston),5251858,560945,561176,Houston
19.363998565673825,5.869999885559103,700,FALSE,111580858,'1st 16:01 : 3pt jump shot (outside right) missed by Pop Isaacs(Texas Tech),5251858,560945,561176,Texas Tech
26.53619956970212,14.6949996948242,288,FALSE,111580937,'1st 15:53 : 3pt pull up jump shot (outside right) missed by LJ Cryer(Houston),5251858,560945,561176,Houston
6.58940021514893,36.66499996185305,288,FALSE,111584951,'1st 11:00 : 2pt floating jump shot (off turnover) (inside left) missed by LJ Cryer(Houston),5251858,560945,561176,Houston
9.080399856567382,22.57999992370605,288,TRUE,111584966,'1st 10:55 : 2pt jump shot (2nd chance;off turnover) (in the paint) made by Emanuel Sharp(Houston) 5-21',5251858,560945,561176,Houston
12.455,15.2599983215332,288,TRUE,111585749,'1st 09:44 : 2pt jump shot (inside right) made by Jamal Shead(Houston) 8-23',5251858,560945,561176,Houston
11.157802581787095,25.02499961853025,700,TRUE,111586380,'1st 08:25 : 2pt layup (2nd chance) (in the paint) made by Chance McMillian(Texas Tech) 12-23',5251858,560945,561176,Texas Tech
28.002600860595663,19.20000076293945,288,FALSE,111586479,'1st 08:04 : 3pt jump shot (outside center) missed by Jamal Shead(Houston),5251858,560945,561176,Houston
28.585399856567374,14.13000106811525,288,FALSE,111580951,'1st 15:44 : 3pt jump shot (2nd chance) (outside right) missed by Emanuel Sharp(Houston),5251858,560945,561176,Houston
6.58940021514893,23.0049991607666,288,TRUE,111580953,'1st 15:39 : 2pt layup (2nd chance) (under the basket) made by Damian Dunn(Houston) 5-9',5251858,560945,561176,Houston
12.182399139404339,2.630000114440918,700,FALSE,111585970,'1st 09:18 : 3pt jump shot (outside right) missed by Pop Isaacs(Texas Tech),5251858,560945,561176,Texas Tech
23.30260086059566,8.35499954223635,288,FALSE,111585982,'1st 09:02 : 3pt jump shot (outside right) missed by Mylik Wilson(Houston),5251858,560945,561176,Houston
5.64,25,288,TRUE,111586481,'1st 07:59 : 2pt dunk (2nd chance) (under the basket) made by Mylik Wilson(Houston) 12-25',5251858,560945,561176,Houston
18.781203155517574,17.840000152587898,700,FALSE,111586628,'1st 07:28 : 2pt jump shot (inside right) missed by Joe Toussaint(Texas Tech),5251858,560945,561176,Texas Tech
7.341397705078066,21.7849998474121,700,FALSE,111581093,'1st 15:24 : 2pt layup (under the basket) missed by Eemeli Yalaho(Texas Tech),5251858,560945,561176,Texas Tech
8.055799713134768,2.439998626709,288,TRUE,111581111,'1st 15:12 : 3pt jump shot (outside right) made by LJ Cryer(Houston),5251858,560945,561176,Houston
8.366001434326165,2.490000009536743,700,FALSE,111586082,'1st 08:46 : 3pt jump shot (outside right) missed by Kerwin Walton(Texas Tech),5251858,560945,561176,Texas Tech
6.166397705078069,27.97999954223635,700,TRUE,111586231,'1st 08:25 : 2pt layup (off turnover) (under the basket) made by Lamar Washington(Texas Tech),5251858,560945,561176,Texas Tech
13.63,23.85000038146975,288,FALSE,111578140,'1st 19:41 : 2pt floating jump shot (in the paint) missed by Emanuel Sharp(Houston),5251858,560945,561176,Houston
6.316801147460922,25.72999954223635,700,TRUE,111578200,'1st 19:30 : 2pt dunk (under the basket) made by Robert Jennings(Texas Tech),5251858,560945,561176,Texas Tech
26.827600860595663,12.29999923706055,288,TRUE,111578264,'1st 19:09 : 3pt jump shot (outside right) made by Emanuel Sharp(Houston),5251858,560945,561176,Houston
17.46520172119142,25.02499961853025,700,FALSE,111578675,'1st 18:33 : 2pt floating jump shot (in the paint) missed by Kerwin Walton(Texas Tech),5251858,560945,561176,Texas Tech
7.764400215148929,47.93499994277954,288,TRUE,111592867,'1st 00:40.20 : 3pt jump shot (outside left) made by LJ Cryer(Houston),5251858,560945,561176,Houston
10.565597991943335,26.7150001525879,700,TRUE,111593006,'1st 00:11.50 : 2pt layup (in the paint) made by Eemeli Yalaho(Texas Tech) 29-32',5251858,560945,561176,Texas Tech
13.037799892425554,36.66499996185305,288,FALSE,111593013,'1st 00:00.80 : 2pt turnaround jump shot (inside left) missed by Jamal Shead(Houston),5251858,560945,561176,Houston
6.438999910354616,21.8799991607666,288,TRUE,111578954,'1st 18:17 : 2pt layup (under the basket) made by Ja&#39;Vier Francis(Houston),5251858,560945,561176,Houston
27.871001434326175,23.1949996948242,700,FALSE,111578974,'1st 18:01 : 2pt jump shot (inside center) missed by Pop Isaacs(Texas Tech),5251858,560945,561176,Texas Tech
28.002600860595663,17.6500015258789,288,TRUE,111582498,'1st 14:31 : 3pt jump shot (off turnover) (outside center) made by LJ Cryer(Houston),5251858,560945,561176,Houston
10.54680025100707,19.625,288,FALSE,111587783,'1st 07:12 : 2pt hook shot (off turnover) (in the paint) missed by Ja&#39;Vier Francis(Houston),5251858,560945,561176,Houston
29.48780258178708,30.79999923706055,700,FALSE,111587793,'1st 07:05 : 3pt jump shot (outside center) missed by Chance McMillian(Texas Tech),5251858,560945,561176,Texas Tech
9.83239913940433,27.27499961853025,700,FALSE,111588006,'1st 06:38 : 2pt layup (off turnover;blocked) (in the paint) missed by Pop Isaacs(Texas Tech),5251858,560945,561176,Texas Tech
6.147599964141848,37.9350004196167,288,FALSE,111588231,'1st 06:11 : 2pt floating jump shot (inside left) missed by LJ Cryer(Houston),5251858,560945,561176,Houston
24.355403442382837,10.375,700,FALSE,111588391,'1st 06:01 : 3pt jump shot (outside right) missed by Pop Isaacs(Texas Tech),5251858,560945,561176,Texas Tech
9.080399856567382,22.02000045776365,288,FALSE,111579137,'1st 17:33 : 2pt floating jump shot (in the paint) missed by LJ Cryer(Houston),5251858,560945,561176,Houston
5.64,25,288,FALSE,111579199,'1st 17:29 : 2pt layup (2nd chance) (under the basket) missed by J&#39;Wan Roberts(Houston),5251858,560945,561176,Houston
6.758602294921815,24.3199996948242,700,FALSE,111579232,'1st 17:24 : 2pt driving layup (under the basket) missed by Pop Isaacs(Texas Tech),5251858,560945,561176,Texas Tech
8.807802581787087,28.54500007629395,700,FALSE,111582637,'1st 14:03 : 2pt driving layup (blocked) (in the paint) missed by Pop Isaacs(Texas Tech),5251858,560945,561176,Texas Tech
17.436999282836872,22.86499977111815,288,FALSE,111589202,'1st 04:57 : 2pt jump shot (off turnover) (in the paint) missed by Jamal Shead(Houston),5251858,560945,561176,Houston
21.27219741821291,35.0250015258789,700,TRUE,111589334,'1st 04:42 : 2pt pull up jump shot (inside left) made by Chance McMillian(Texas Tech),5251858,560945,561176,Texas Tech
6.297999820709232,46.95000004768372,288,FALSE,111589493,'1st 04:12 : 3pt jump shot (outside left wing) missed by LJ Cryer(Houston),5251858,560945,561176,Houston
26.235399856567373,9.90499877929685,288,FALSE,111589786,'1st 03:49 : 3pt jump shot (off turnover) (outside right) missed by Emanuel Sharp(Houston),5251858,560945,561176,Houston
11.007399139404328,3.3350000381469798,700,TRUE,111589813,'1st 03:37 : 3pt jump shot (outside right) made by Chance McMillian(Texas Tech),5251858,560945,561176,Texas Tech
28.002600860595663,18.7800006866455,288,FALSE,111589906,'1st 03:17 : 3pt jump shot (outside center) missed by LJ Cryer(Houston),5251858,560945,561176,Houston
27.579596557617165,14.600000381469748,700,TRUE,111591240,'1st 03:01 : 3pt pull up jump shot (off turnover;fast break) (outside right) made by Chance McMillian(Texas Tech) 22-27',5251858,560945,561176,Texas Tech
21.544800071716264,11.88000106811525,288,FALSE,111591361,'1st 02:33 : 2pt step back jump shot (inside right) missed by Emanuel Sharp(Houston),5251858,560945,561176,Houston
6.523602294921815,47.79999923706055,700,FALSE,111582786,'1st 13:57 : 3pt jump shot (2nd chance) (outside left wing) missed by Pop Isaacs(Texas Tech) 5-15',5251858,560945,561176,Texas Tech
5.433198852539078,47.8400001525879,700,TRUE,111591597,'1st 02:12 : 3pt jump shot (off turnover) (outside left wing) made by Eemeli Yalaho(Texas Tech),5251858,560945,561176,Texas Tech
6.880800161361696,32.86499977111815,288,FALSE,111592008,'1st 02:02 : 2pt jump shot (inside left) missed by Jamal Shead(Houston),5251858,560945,561176,Houston
24.336599426269494,25.54000091552735,288,TRUE,111592171,'1st 01:33 : 2pt jump shot (off turnover) (inside center) made by Damian Dunn(Houston),5251858,560945,561176,Houston
29.48780258178708,28.82500076293945,700,FALSE,111583079,'1st 13:37 : 3pt jump shot (2nd chance) (outside center) missed by Joe Toussaint(Texas Tech),5251858,560945,561176,Texas Tech
26.555000000000007,35.58499908447265,700,FALSE,111583312,'1st 13:09 : 3pt jump shot (2nd chance) (outside left) missed by Joe Toussaint(Texas Tech),5251858,560945,561176,Texas Tech
23.30260086059566,10.3300018310547,288,FALSE,111583483,'1st 12:52 : 3pt jump shot (off turnover) (outside right) missed by LJ Cryer(Houston),5251858,560945,561176,Houston
5.856200017929081,22.1599998474121,288,TRUE,111583555,'1st 12:29 : 2pt layup (off turnover;fast break) (under the basket) made by Damian Dunn(Houston) 5-17',5251858,560945,561176,Houston
21.253400573730506,7.22999954223635,288,FALSE,111580215,'1st 17:03 : 3pt jump shot (outside right) missed by Damian Dunn(Houston),5251858,560945,561176,Houston
10.133198852539081,28.26499938964845,700,FALSE,111580227,'1st 16:49 : 2pt layup (in the paint) missed by Robert Jennings(Texas Tech),5251858,560945,561176,Texas Tech
24.48700286865234,41.6599998474121,334,FALSE,111578829,'1st 19:35 : 3pt jump shot (outside left) missed by Justin Edwards(UKY),5252546,560583,561170,Kentucky
10.114400215148892,30.72999954223635,697,FALSE,111579279,'1st 19:09 : 2pt jump shot (blocked) (in the paint) missed by Manny Obaseki(TAMU),5252546,560583,561170,Texas A&M
14.513599605560303,2.98500061035155,697,TRUE,111579304,'1st 19:03 : 3pt jump shot (2nd chance) (outside right) made by Manny Obaseki(TAMU),5252546,560583,561170,Texas A&M
29.47840057373051,30.67499923706055,334,FALSE,111579425,'1st 18:47 : 3pt jump shot (outside center) missed by Antonio Reeves(UKY),5252546,560583,561170,Kentucky
32.41119956970212,32.13999938964845,697,TRUE,111579543,'1st 18:40 : 3pt jump shot (fast break) (outside center) made by Wade Taylor IV(TAMU) 6-1',5252546,560583,561170,Texas A&M
12.614800071716266,18.47999954223635,697,TRUE,111579665,'1st 18:17 : 2pt jump shot (off turnover;fast break) (inside right) made by Wade Taylor IV(TAMU) 8-1',5252546,560583,561170,Texas A&M
6.157002868652327,1.2400000095367432,334,FALSE,111580078,'1st 18:09 : 3pt jump shot (outside right wing) missed by Justin Edwards(UKY),5252546,560583,561170,Kentucky
12.906203155517574,31.8050003051758,334,FALSE,111580277,'1st 17:54 : 2pt jump shot (2nd chance) (inside left) missed by D.J. Wagner(UKY),5252546,560583,561170,Kentucky
12.314000358581518,31.57500076293945,697,FALSE,111580370,'1st 17:39 : 2pt jump shot (blocked) (inside left) missed by Andersson Garcia(TAMU),5252546,560583,561170,Texas A&M
22.578796844482426,42.9300003051758,334,TRUE,111580440,'1st 17:20 : 3pt jump shot (outside left) made by Antonio Reeves(UKY),5252546,560583,561170,Kentucky
15.10579971313475,23.9699993133545,697,FALSE,111585866,'1st 11:21 : 2pt jump shot (off turnover;blocked) (in the paint) missed by Manny Obaseki(TAMU),5252546,560583,561170,Texas A&M
15.838998565673833,45.60499954223635,334,TRUE,111586270,'1st 10:50 : 3pt jump shot (outside left) made by Reed Sheppard(UKY),5252546,560583,561170,Kentucky
10.706600322723432,21.1550006866455,697,FALSE,111586352,'1st 10:34 : 2pt jump shot (blocked) (in the paint) missed by Solomon Washington(TAMU),5252546,560583,561170,Texas A&M
8.21559978485107,31.7199993133545,697,FALSE,111580994,'1st 17:04 : 2pt jump shot (blocked) (inside left) missed by Solomon Washington(TAMU) 8-4',5252546,560583,561170,Texas A&M
9.240199928283687,49.32499998807907,697,TRUE,111581109,'1st 16:58 : 3pt jump shot (2nd chance) (outside left) made by Wade Taylor IV(TAMU),5252546,560583,561170,Texas A&M
29.327997131347672,28.2800006866455,334,TRUE,111581162,'1st 16:47 : 3pt jump shot (outside center) made by Rob Dillingham(UKY),5252546,560583,561170,Kentucky
29.478400573730504,16.9300003051758,697,TRUE,111581262,'1st 16:30 : 3pt jump shot (outside center) made by Tyrece Radford(TAMU),5252546,560583,561170,Texas A&M
28.303400573730507,33.82999992370605,697,FALSE,111581802,'1st 15:56 : 3pt jump shot (outside left) missed by Wade Taylor IV(TAMU),5252546,560583,561170,Texas A&M
3.8163977050780744,47.435001373291,334,TRUE,111589812,'1st 05:33 : 3pt jump shot (outside left wing) made by Reed Sheppard(UKY),5252546,560583,561170,Kentucky
17.155,18.47999954223635,697,FALSE,111589904,'1st 05:16 : 2pt jump shot (inside right) missed by Wade Taylor IV(TAMU),5252546,560583,561170,Texas A&M
7.0405979919433435,22.08499908447265,334,TRUE,111589922,'1st 05:01 : 2pt layup (under the basket) made by Rob Dillingham(UKY) 37-34',5252546,560583,561170,Kentucky
12.314000358581518,47.49499988555908,697,TRUE,111590043,'1st 04:44 : 3pt jump shot (outside left) made by Solomon Washington(TAMU),5252546,560583,561170,Texas A&M
29.76979827880858,32.2249984741211,334,FALSE,111590057,'1st 04:32 : 3pt jump shot (outside center) missed by Rob Dillingham(UKY),5252546,560583,561170,Kentucky
13.930799713134748,22.42499923706055,697,FALSE,111590180,'1st 04:13 : 2pt jump shot (blocked) (in the paint) missed by Manny Obaseki(TAMU),5252546,560583,561170,Texas A&M
8.21559799194334,26.3099994659424,334,FALSE,111590183,'1st 04:08 : 2pt layup (blocked) (under the basket) missed by Adou Thiero(UKY),5252546,560583,561170,Kentucky
26.836999282836867,12.42499923706055,697,TRUE,111590205,'1st 04:02 : 3pt jump shot (fast break) (outside right) made by Wade Taylor IV(TAMU),5252546,560583,561170,Texas A&M
6.44840057373051,23.63500022888185,334,FALSE,111590343,'1st 03:40 : 2pt jump shot (under the basket) missed by Ugonna Onyenso(UKY),5252546,560583,561170,Kentucky
10.847599964141821,39.1850004196167,697,TRUE,111590499,'1st 03:08 : 2pt jump shot (inside left) made by Tyrece Radford(TAMU) 45-34',5252546,560583,561170,Texas A&M
10.26479827880857,22.5049991607666,334,TRUE,111590567,'1st 02:59 : 2pt layup (in the paint) made by D.J. Wagner(UKY) 45-36',5252546,560583,561170,Kentucky
37.68460014343262,21.57500076293945,697,FALSE,111589360,'1st 06:16 : 3pt jump shot (off turnover) (outside center) missed by Wade Taylor IV(TAMU),5252546,560583,561170,Texas A&M
6.749200286865246,24.47999954223635,334,TRUE,111589407,'1st 06:06 : 2pt dunk (fast break) (under the basket) made by Ugonna Onyenso(UKY) 37-29',5252546,560583,561170,Kentucky
25.07920028686525,32.98500061035155,697,FALSE,111589515,'1st 05:43 : 2pt step back jump shot (inside center) missed by Manny Obaseki(TAMU),5252546,560583,561170,Texas A&M
7.482400035858152,48.75999999046326,697,FALSE,111581804,'1st 15:51 : 3pt jump shot (2nd chance) (outside left) missed by Jace Carter(TAMU),5252546,560583,561170,Texas A&M
7.0405979919433435,21.10000038146975,334,TRUE,111582802,'1st 15:34 : 2pt driving layup (in the paint) made by Rob Dillingham(UKY) 14-10',5252546,560583,561170,Kentucky
31.52760086059567,35.60499954223635,334,FALSE,111583496,'1st 14:57 : 3pt jump shot (outside center) missed by Rob Dillingham(UKY),5252546,560583,561170,Kentucky
8.798399677276615,1.2949981689453,697,FALSE,111583628,'1st 14:43 : 3pt jump shot (outside right) missed by Wade Taylor IV(TAMU),5252546,560583,561170,Texas A&M
9.240201721191426,19.27000045776365,334,TRUE,111583686,'1st 14:35 : 2pt jump shot (fast break) (in the paint) made by Antonio Reeves(UKY),5252546,560583,561170,Kentucky
15.246799354553229,20.5900001525879,697,FALSE,111583755,'1st 14:19 : 2pt jump shot (blocked) (in the paint) missed by Tyrece Radford(TAMU),5252546,560583,561170,Texas A&M
6.598796844482422,23.35000038146975,334,TRUE,111583941,'1st 13:44 : 2pt layup (off turnover;fast break) (under the basket) made by Reed Sheppard(UKY) 15-14',5252546,560583,561170,Kentucky
10.114400215148892,31.01499938964845,697,FALSE,111584005,'1st 13:28 : 2pt jump shot (inside left) missed by Wade Taylor IV(TAMU),5252546,560583,561170,Texas A&M
7.1815994262695,27.1550006866455,334,TRUE,111584055,'1st 13:15 : 2pt layup (under the basket) made by Tre Mitchell(UKY),5252546,560583,561170,Kentucky
27.720599784851107,35.23999977111815,697,TRUE,111584475,'1st 12:56 : 3pt jump shot (outside left) made by Solomon Washington(TAMU),5252546,560583,561170,Texas A&M
6.44840057373051,28.13999938964845,334,TRUE,111591915,'1st 02:34 : 2pt driving layup (under the basket) made by Rob Dillingham(UKY) 46-39',5252546,560583,561170,Kentucky
7.914800071716313,23.9699993133545,697,TRUE,111584767,'1st 12:26 : 2pt driving layup (off turnover) (under the basket) made by Manny Obaseki(TAMU) 20-16',5252546,560583,561170,Texas A&M
19.06320064544677,4.814998626709,697,FALSE,111584961,'1st 12:01 : 3pt jump shot (off turnover) (outside right) missed by Tyrece Radford(TAMU),5252546,560583,561170,Texas A&M
7.0405979919433435,26.5900001525879,334,FALSE,111585014,'1st 11:54 : 2pt layup (under the basket) missed by Rob Dillingham(UKY),5252546,560583,561170,Kentucky
7.914800071716313,29.32500076293945,697,FALSE,111585023,'1st 11:48 : 2pt layup (in the paint) missed by Tyrece Radford(TAMU),5252546,560583,561170,Texas A&M
25.521001434326166,39.125,334,FALSE,111592448,'1st 01:58 : 3pt jump shot (outside left) missed by Reed Sheppard(UKY),5252546,560583,561170,Kentucky
9.822999820709192,47.77500009536743,697,FALSE,111592491,'1st 01:41 : 3pt jump shot (outside left) missed by Solomon Washington(TAMU),5252546,560583,561170,Texas A&M
8.065199928283686,29.60499954223635,697,FALSE,111592865,'1st 01:09 : 2pt driving layup (in the paint) missed by Tyrece Radford(TAMU),5252546,560583,561170,Texas A&M
7.482399139404336,27.01499938964845,334,FALSE,111592941,'1st 00:53.40 : 2pt layup (under the basket) missed by D.J. Wagner(UKY),5252546,560583,561170,Kentucky
8.356600322723386,26.36499977111815,697,TRUE,111586377,'1st 10:27 : 2pt layup (2nd chance) (under the basket) made by Hayden Hefner(TAMU) 24-19',5252546,560583,561170,Texas A&M
25.079200286865245,40.25500106811525,334,TRUE,111586406,'1st 10:21 : 3pt jump shot (outside left) made by Reed Sheppard(UKY),5252546,560583,561170,Kentucky
17.88820064544677,12.8450012207031,697,FALSE,111586478,'1st 10:05 : 2pt jump shot (inside right) missed by Tyrece Radford(TAMU),5252546,560583,561170,Texas A&M
29.920199928283736,20.5900001525879,697,TRUE,111586773,'1st 09:48 : 3pt jump shot (2nd chance) (outside center) made by Wade Taylor IV(TAMU),5252546,560583,561170,Texas A&M
30.502997131347662,30.39500045776365,334,FALSE,111586836,'1st 09:28 : 3pt jump shot (outside center) missed by Justin Edwards(UKY),5252546,560583,561170,Kentucky
7.0405979919433435,24.89999961853025,334,FALSE,111586848,'1st 09:20 : 2pt layup (2nd chance) (under the basket) missed by Adou Thiero(UKY),5252546,560583,561170,Kentucky
31.3865994262695,20.5900001525879,697,FALSE,111586918,'1st 09:14 : 3pt jump shot (outside center) missed by Wade Taylor IV(TAMU),5252546,560583,561170,Texas A&M
9.089798278808573,31.10000038146975,334,FALSE,111586942,'1st 09:04 : 2pt jump shot (inside left) missed by D.J. Wagner(UKY),5252546,560583,561170,Kentucky
9.531600322723431,24.39500045776365,697,TRUE,111586985,'1st 08:57 : 2pt layup (fast break) (under the basket) made by Wade Taylor IV(TAMU) 29-22',5252546,560583,561170,Texas A&M
29.76979827880858,26.3099994659424,334,TRUE,111587184,'1st 08:40 : 3pt jump shot (outside center) made by D.J. Wagner(UKY),5252546,560583,561170,Kentucky
7.0405979919433435,27.1550006866455,334,FALSE,111587355,'1st 08:00 : 2pt layup (off turnover) (under the basket) missed by Justin Edwards(UKY),5252546,560583,561170,Kentucky
9.089800071716313,25.10000038146975,697,TRUE,111587408,'1st 07:53 : 2pt layup (fast break) (under the basket) made by Tyrece Radford(TAMU),5252546,560583,561170,Texas A&M
15.688602294921822,31.3799991607666,334,TRUE,111587523,'1st 07:32 : 2pt jump shot (inside left) made by Reed Sheppard(UKY) 31-27',5252546,560583,561170,Kentucky
10.556199569702121,20.5900001525879,697,TRUE,111587627,'1st 07:14 : 2pt driving layup (in the paint) made by Wade Taylor IV(TAMU) 33-27',5252546,560583,561170,Texas A&M
9.240199928283687,23.82999992370605,697,TRUE,111589145,'1st 06:45 : 2pt layup (off turnover;fast break) (under the basket) made by Solomon Washington(TAMU),5252546,560583,561170,Texas A&M
26.10380043029788,43.55000019073485,697,FALSE,111593681,'1st 00:10.70 : 3pt jump shot (outside left) missed by Wade Taylor IV(TAMU),5252546,560583,561170,Texas A&M
16.42180114746091,2.2249999046325684,334,FALSE,111593769,'1st 00:00.10 : 3pt jump shot (outside right) missed by D.J. Wagner(UKY),5252546,560583,561170,Kentucky
8.065199928283686,19.4349994659424,545,FALSE,111583234,'1st 13:25 : 2pt driving layup (in the paint) missed by Blake Hinson(Pittsburgh) 15-8',5251827,560796,561033,Pittsburgh
31.52760086059567,25.0699996948242,457,FALSE,111583239,'1st 13:08 : 3pt pull up jump shot (outside center) missed by RJ Davis(North Carolina),5251827,560796,561033,North Carolina
7.914800071716313,28.5900001525879,545,FALSE,111583245,'1st 12:56 : 2pt driving layup (in the paint) missed by Jaland Lowe(Pittsburgh),5251827,560796,561033,Pittsburgh
8.507002868652322,22.11499977111815,457,FALSE,111583247,'1st 12:47 : 2pt layup (under the basket) missed by Armando Bacot(North Carolina),5251827,560796,561033,North Carolina
8.647999820709233,28.17000007629395,545,TRUE,111583250,'1st 12:29 : 2pt driving layup (in the paint) made by Carlton Carrington(Pittsburgh) 17-8',5251827,560796,561033,Pittsburgh
9.822997131347677,33.2400016784668,457,TRUE,111583253,'1st 12:12 : 2pt step back jump shot (inside left) made by Jae&#39;Lyn Withers(North Carolina) 17-10',5251827,560796,561033,North Carolina
10.847599964141821,2.1150016784668,545,FALSE,111583257,'1st 11:45 : 3pt jump shot (outside right) missed by Ishmael Leggett(Pittsburgh),5251827,560796,561033,Pittsburgh
22.729200286865254,21.27000045776365,545,FALSE,111583988,'1st 11:12 : 2pt pull up jump shot (off turnover) (inside center) missed by Ishmael Leggett(Pittsburgh),5251827,560796,561033,Pittsburgh
10.415201721191423,25.91500091552735,457,TRUE,111584143,'1st 10:41 : 2pt layup (in the paint) made by Jalen Washington(North Carolina),5251827,560796,561033,North Carolina
26.836999282836867,37.88500022888185,545,FALSE,111584244,'1st 10:24 : 3pt jump shot (outside left) missed by Guillermo Diaz Graham(Pittsburgh),5251827,560796,561033,Pittsburgh
7.482399139404336,23.3799991607666,457,FALSE,111584270,'1st 10:17 : 2pt (under the basket) missed by North Carolina 17-12',5251827,560796,561033,North Carolina
7.482399139404336,23.3799991607666,457,TRUE,111584271,'1st 10:17 : 2pt driving layup (fast break) (under the basket) made by RJ Davis(North Carolina) 17-14',5251827,560796,561033,North Carolina
13.639400215148891,47.46499991416931,545,TRUE,111584367,'1st 09:57 : 3pt jump shot (outside left) made by Carlton Carrington(Pittsburgh),5251827,560796,561033,Pittsburgh
29.76979827880858,26.89999961853025,457,TRUE,111585006,'1st 08:50 : 3pt jump shot (outside center) made by Seth Trimble(North Carolina),5251827,560796,561033,North Carolina
7.77380043029785,28.3099994659424,545,FALSE,111585132,'1st 08:19 : 2pt layup (under the basket) missed by Guillermo Diaz Graham(Pittsburgh),5251827,560796,561033,Pittsburgh
8.356600322723386,21.82999992370605,545,TRUE,111590050,'1st 03:30 : 2pt driving layup (in the paint) made by Jaland Lowe(Pittsburgh) 28-28',5251827,560796,561033,Pittsburgh
20.82099964141848,7.74499893188475,545,FALSE,111590188,'1st 03:02 : 3pt jump shot (off turnover) (outside right) missed by Carlton Carrington(Pittsburgh),5251827,560796,561033,Pittsburgh
10.114400215148892,23.9449996948242,545,FALSE,111590530,'1st 02:22 : 2pt driving layup (off turnover) (in the paint) missed by Carlton Carrington(Pittsburgh) 28-28',5251827,560796,561033,Pittsburgh
16.995199928283736,16.8499984741211,545,TRUE,111586384,'1st 07:31 : 2pt pull up jump shot (inside right) made by Carlton Carrington(Pittsburgh) 24-18',5251827,560796,561033,Pittsburgh
29.920201721191418,25.0699996948242,457,FALSE,111586458,'1st 07:19 : 3pt jump shot (outside center) missed by Elliot Cadeau(North Carolina),5251827,560796,561033,North Carolina
22.146397705078073,17.184999465942397,457,FALSE,111586508,'1st 07:03 : 2pt pull up jump shot (2nd chance) (inside right) missed by Elliot Cadeau(North Carolina),5251827,560796,561033,North Carolina
28.88619956970212,19.4349994659424,545,TRUE,111590677,'1st 02:16 : 3pt jump shot (2nd chance;off turnover) (outside center) made by Carlton Carrington(Pittsburgh) 31-28',5251827,560796,561033,Pittsburgh
8.507002868652322,22.67499923706055,457,FALSE,111590774,'1st 01:59 : 2pt layup (under the basket) missed by Elliot Cadeau(North Carolina),5251827,560796,561033,North Carolina
7.77380043029785,23.3799991607666,545,FALSE,111590893,'1st 01:36 : 2pt driving layup (under the basket) missed by Ishmael Leggett(Pittsburgh),5251827,560796,561033,Pittsburgh
19.796397705078064,32.95999908447265,457,TRUE,111586803,'1st 06:32 : 2pt jump shot (inside left) made by RJ Davis(North Carolina),5251827,560796,561033,North Carolina
7.773796844482419,22.95999908447265,457,TRUE,111591010,'1st 01:18 : 2pt layup (under the basket) made by Armando Bacot(North Carolina),5251827,560796,561033,North Carolina
8.356600322723386,23.23999977111815,545,TRUE,111591148,'1st 00:55.00 : 2pt driving layup (under the basket) made by Jaland Lowe(Pittsburgh) 33-30',5251827,560796,561033,Pittsburgh
29.619402008056667,29.57500076293945,457,TRUE,111591171,'1st 00:42.00 : 3pt jump shot (outside center) made by Harrison Ingram(North Carolina),5251827,560796,561033,North Carolina
27.720599784851107,32.95999908447265,545,FALSE,111587372,'1st 05:54 : 3pt step back jump shot (outside left) missed by Jaland Lowe(Pittsburgh),5251827,560796,561033,Pittsburgh
6.21340057373051,25.14999961853025,457,TRUE,111587374,'1st 05:48 : 2pt dunk (fast break) (under the basket) made by Armando Bacot(North Carolina) 24-22',5251827,560796,561033,North Carolina
10.706600322723432,25.4950008392334,545,TRUE,111591276,'1st 00:22.60 : 2pt driving layup (in the paint) made by Guillermo Diaz Graham(Pittsburgh) 35-33',5251827,560796,561033,Pittsburgh
7.482399139404336,22.2549991607666,457,FALSE,111591324,'1st 00:01.00 : 2pt driving layup (under the basket) missed by RJ Davis(North Carolina),5251827,560796,561033,North Carolina
21.41320064544677,7.4650001525879,545,FALSE,111587512,'1st 05:33 : 3pt pull up jump shot (outside right) missed by Carlton Carrington(Pittsburgh),5251827,560796,561033,Pittsburgh
8.356599426269497,27.1849994659424,457,FALSE,111587539,'1st 05:26 : 2pt driving layup (blocked) (under the basket) missed by Elliot Cadeau(North Carolina),5251827,560796,561033,North Carolina
15.105799713134758,34.08499908447265,457,FALSE,111587672,'1st 05:12 : 2pt floating jump shot (2nd chance) (inside left) missed by Cormac Ryan(North Carolina),5251827,560796,561033,North Carolina
6.890201721191431,23.52000045776365,457,TRUE,111587761,'1st 05:08 : 2pt layup (2nd chance) (under the basket) made by Harrison Ingram(North Carolina) 24-24',5251827,560796,561033,North Carolina
21.845599784851107,32.8150005340576,545,TRUE,111587805,'1st 04:41 : 2pt pull up jump shot (inside left) made by Carlton Carrington(Pittsburgh) 26-24',5251827,560796,561033,Pittsburgh
9.089800071716313,21.82999992370605,545,FALSE,111588086,'1st 04:17 : 2pt layup (off turnover) (in the paint) missed by Blake Hinson(Pittsburgh) 26-26',5251827,560796,561033,Pittsburgh
24.054600143432626,9.435001373291,545,FALSE,111588578,'1st 03:55 : 3pt jump shot (outside right) missed by William Jeffress(Pittsburgh),5251827,560796,561033,Pittsburgh
8.21559799194334,22.2549991607666,457,FALSE,111583223,'1st 13:59 : 2pt driving layup (off turnover) (under the basket) missed by Armando Bacot(North Carolina),5251827,560796,561033,North Carolina
8.065201721191428,21.54999923706055,457,FALSE,111583228,'1st 13:52 : 2pt driving layup (2nd chance;off turnover) (in the paint) missed by Cormac Ryan(North Carolina),5251827,560796,561033,North Carolina
18.038600502014145,22.2549991607666,545,FALSE,111578458,'1st 19:42 : 2pt pull up jump shot (in the paint) missed by Blake Hinson(Pittsburgh),5251827,560796,561033,Pittsburgh
16.130399856567372,22.5349998474121,545,TRUE,111578752,'1st 19:01 : 2pt pull up jump shot (off turnover) (in the paint) made by Carlton Carrington(Pittsburgh) 2-0',5251827,560796,561033,Pittsburgh
22.437802581787082,7.88500022888185,457,FALSE,111578842,'1st 18:45 : 3pt pull up jump shot (outside right) missed by RJ Davis(North Carolina),5251827,560796,561033,North Carolina
9.531600322723431,24.5049991607666,545,FALSE,111578948,'1st 18:34 : 2pt driving layup (blocked) (under the basket) missed by Zack Austin(Pittsburgh),5251827,560796,561033,Pittsburgh
23.75380043029788,39.29500007629395,545,FALSE,111578961,'1st 18:31 : 3pt pull up jump shot (2nd chance) (outside left) missed by Jaland Lowe(Pittsburgh) 2-0',5251827,560796,561033,Pittsburgh
7.332002868652324,27.4650001525879,457,TRUE,111579122,'1st 18:20 : 2pt driving layup (off turnover;fast break) (under the basket) made by Elliot Cadeau(North Carolina),5251827,560796,561033,North Carolina
17.155,4.3650016784668,545,FALSE,111579196,'1st 18:00 : 3pt jump shot (outside right) missed by Zack Austin(Pittsburgh),5251827,560796,561033,Pittsburgh
8.798400573730504,22.8150005340576,457,TRUE,111579289,'1st 17:50 : 2pt layup (under the basket) made by Armando Bacot(North Carolina),5251827,560796,561033,North Carolina
6.598799982070919,23.9449996948242,545,TRUE,111579561,'1st 17:38 : 2pt layup (under the basket) made by Federiko Federiko (Pittsburgh),5251827,560796,561033,Pittsburgh
10.26479827880857,25.4950008392334,457,FALSE,111579646,'1st 17:29 : 2pt driving layup (in the paint) missed by Elliot Cadeau(North Carolina),5251827,560796,561033,North Carolina
33.57680114746091,26.29500007629395,457,TRUE,111579746,'1st 17:10 : 3pt jump shot (2nd chance) (outside center) made by Cormac Ryan(North Carolina) 4-8',5251827,560796,561033,North Carolina
22.729200286865254,31.9699993133545,545,FALSE,111579886,'1st 16:52 : 2pt pull up jump shot (inside center) missed by Jaland Lowe(Pittsburgh),5251827,560796,561033,Pittsburgh
26.25420028686524,41.4099998474121,457,FALSE,111580119,'1st 16:27 : 3pt jump shot (outside left) missed by Elliot Cadeau(North Carolina),5251827,560796,561033,North Carolina
20.37920028686525,43.23999977111815,545,TRUE,111580212,'1st 16:19 : 3pt jump shot (outside left) made by Guillermo Diaz Graham(Pittsburgh),5251827,560796,561033,Pittsburgh
21.413198852539097,43.9449996948242,457,FALSE,111580222,'1st 16:08 : 3pt jump shot (blocked) (outside left) missed by Cormac Ryan(North Carolina),5251827,560796,561033,North Carolina
29.478400573730504,20.8449993133545,545,TRUE,111580310,'1st 15:54 : 3pt jump shot (outside center) made by Guillermo Diaz Graham(Pittsburgh),5251827,560796,561033,Pittsburgh
6.016001434326171,2.815000057220459,457,FALSE,111580386,'1st 15:37 : 3pt jump shot (outside right wing) missed by Harrison Ingram(North Carolina),5251827,560796,561033,North Carolina
7.77380043029785,23.10000038146975,545,TRUE,111580447,'1st 15:22 : 2pt driving layup (under the basket) made by Jaland Lowe(Pittsburgh) 12-8',5251827,560796,561033,Pittsburgh
20.087802581787088,43.38000106811525,457,FALSE,111580601,'1st 15:00 : 3pt jump shot (outside left) missed by Cormac Ryan(North Carolina),5251827,560796,561033,North Carolina
6.598799982070919,2.5349998474121,545,TRUE,111580654,'1st 14:51 : 3pt jump shot (fast break) (outside right wing) made by Zack Austin(Pittsburgh) 15-8',5251827,560796,561033,Pittsburgh
23.753796844482423,9.4350004196167,457,FALSE,111580704,'1st 14:31 : 3pt jump shot (outside right) missed by RJ Davis(North Carolina),5251827,560796,561033,North Carolina
30.794402008056664,20.67499923706055,5,FALSE,111590941,'1st 18:35 : 3pt jump shot (outside center) missed by Sammy Hunter(AKR),5251815,560651,561010,Akron
9.381199569702149,21.4349994659424,519,FALSE,111591406,'1st 18:11 : 2pt jump shot (blocked) (in the paint) missed by Miles Brown(OHIO),5251815,560651,561010,Ohio
31.085799713134755,25.32500076293945,5,TRUE,111591424,'1st 18:02 : 3pt jump shot (outside center) made by Sammy Hunter(AKR),5251815,560651,561010,Akron
17.155,45.94500017166138,519,FALSE,111591979,'1st 17:10 : 3pt jump shot (off turnover) (outside left) missed by Jaylin Hunter(OHIO),5251815,560651,561010,Ohio
11.148400573730498,27.7199993133545,5,FALSE,111591997,'1st 16:57 : 2pt jump shot (in the paint) missed by Sammy Hunter(AKR),5251815,560651,561010,Akron
25.52099964141848,38.89999961853025,519,FALSE,111592031,'1st 16:45 : 3pt jump shot (outside left) missed by Shereef Mitchell(OHIO),5251815,560651,561010,Ohio
16.28079971313475,46.65000009536743,519,FALSE,111592579,'1st 16:05 : 3pt jump shot (outside left) missed by Jaylin Hunter(OHIO),5251815,560651,561010,Ohio
9.682002868652319,25.04000091552735,5,TRUE,111592603,'1st 15:53 : 2pt jump shot (under the basket) made by Enrique Freeman(AKR) 2-8',5251815,560651,561010,Akron
27.278800430297878,12.13999938964845,519,FALSE,111593659,'1st 15:34 : 3pt jump shot (outside right) missed by Aidan Hadaway(OHIO),5251815,560651,561010,Ohio
6.0160000896453845,21.7199993133545,519,FALSE,111593662,'1st 15:31 : 2pt layup (2nd chance) (under the basket) missed by Aidan Hadaway(OHIO),5251815,560651,561010,Ohio
9.089798278808573,27.01499938964845,5,FALSE,111593773,'1st 15:20 : 2pt jump shot (under the basket) missed by Enrique Freeman(AKR),5251815,560651,561010,Akron
6.598799982070919,22.13999938964845,519,TRUE,111593776,'1st 15:14 : 2pt layup (fast break) (under the basket) made by Aidan Hadaway(OHIO),5251815,560651,561010,Ohio
6.749200286865246,28.2800006866455,5,FALSE,111594434,'1st 14:22 : 2pt layup (under the basket) missed by Ali Ali(AKR),5251815,560651,561010,Akron
8.21559978485107,22,519,FALSE,111590646,'1st 19:38 : 2pt jump shot (under the basket) missed by Jaylin Hunter(OHIO),5251815,560651,561010,Ohio
5.71520172119142,47.86000061035155,5,FALSE,111590800,'1st 19:05 : 3pt jump shot (outside left wing) missed by Nate Johnson(AKR),5251815,560651,561010,Akron
5.7151999282836865,22,519,TRUE,111590803,'1st 18:58 : 2pt layup (fast break) (under the basket) made by Miles Brown(OHIO) 2-0',5251815,560651,561010,Ohio
9.089798278808573,25.4650001525879,5,FALSE,111594813,'1st 13:46 : 2pt layup (off turnover;blocked) (under the basket) missed by Kaleb Thornton(AKR),5251815,560651,561010,Akron
13.197599964141821,25.10000038146975,519,FALSE,111594833,'1st 13:35 : 2pt jump shot (in the paint) missed by Elmore James(OHIO),5251815,560651,561010,Ohio
34.610799713134746,29.4099998474121,5,FALSE,111594928,'1st 13:17 : 3pt jump shot (outside center) missed by Kaleb Thornton(AKR),5251815,560651,561010,Akron
12.314000358581518,47.34999990463257,519,FALSE,111595085,'1st 12:57 : 3pt jump shot (outside left) missed by Aidan Hadaway(OHIO),5251815,560651,561010,Ohio
10.26479827880857,29.4099998474121,5,FALSE,111595416,'1st 12:29 : 2pt jump shot (off turnover) (in the paint) missed by Ali Ali(AKR),5251815,560651,561010,Akron
8.64799713134768,28.8449993133545,5,FALSE,111595419,'1st 12:25 : 2pt jump shot (2nd chance;off turnover) (in the paint) missed by Enrique Freeman(AKR),5251815,560651,561010,Akron
7.914800071716313,22,519,FALSE,111595736,'1st 12:03 : 2pt jump shot (off turnover) (under the basket) missed by Gabe Wiznitzer(OHIO),5251815,560651,561010,Ohio
24.92879684448242,41.9449996948242,5,FALSE,111595782,'1st 11:48 : 3pt (outside left) missed by Mikal Dawson(AKR) 6-8',5251815,560651,561010,Akron
